,time,precipitation
0,2022-01-01T00:00,0.0
1,2022-01-01T01:00,0.0
2,2022-01-01T02:00,0.0
3,2022-01-01T03:00,0.0
4,2022-01-01T04:00,0.0
5,2022-01-01T05:00,0.0
6,2022-01-01T06:00,0.0
7,2022-01-01T07:00,0.0
8,2022-01-01T08:00,0.0
9,2022-01-01T09:00,0.0
10,2022-01-01T10:00,0.0
11,2022-01-01T11:00,0.0
12,2022-01-01T12:00,0.0
13,2022-01-01T13:00,0.0
14,2022-01-01T14:00,0.0
15,2022-01-01T15:00,0.2
16,2022-01-01T16:00,0.0
17,2022-01-01T17:00,0.0
18,2022-01-01T18:00,0.0
19,2022-01-01T19:00,0.0
20,2022-01-01T20:00,0.0
21,2022-01-01T21:00,0.0
22,2022-01-01T22:00,0.0
23,2022-01-01T23:00,0.0
24,2022-01-02T00:00,0.0
25,2022-01-02T01:00,0.0
26,2022-01-02T02:00,0.0
27,2022-01-02T03:00,0.0
28,2022-01-02T04:00,0.0
29,2022-01-02T05:00,0.0
30,2022-01-02T06:00,0.1
31,2022-01-02T07:00,0.0
32,2022-01-02T08:00,0.0
33,2022-01-02T09:00,0.0
34,2022-01-02T10:00,0.0
35,2022-01-02T11:00,0.0
36,2022-01-02T12:00,0.0
37,2022-01-02T13:00,0.0
38,2022-01-02T14:00,0.0
39,2022-01-02T15:00,1.0
40,2022-01-02T16:00,0.6
41,2022-01-02T17:00,0.1
42,2022-01-02T18:00,0.2
43,2022-01-02T19:00,0.0
44,2022-01-02T20:00,0.0
45,2022-01-02T21:00,0.0
46,2022-01-02T22:00,0.0
47,2022-01-02T23:00,0.0
48,2022-01-03T00:00,0.0
49,2022-01-03T01:00,0.0
50,2022-01-03T02:00,0.0
51,2022-01-03T03:00,0.0
52,2022-01-03T04:00,0.0
53,2022-01-03T05:00,0.0
54,2022-01-03T06:00,0.0
55,2022-01-03T07:00,0.0
56,2022-01-03T08:00,0.0
57,2022-01-03T09:00,0.0
58,2022-01-03T10:00,0.0
59,2022-01-03T11:00,0.0
60,2022-01-03T12:00,0.0
61,2022-01-03T13:00,0.0
62,2022-01-03T14:00,0.0
63,2022-01-03T15:00,0.0
64,2022-01-03T16:00,0.0
65,2022-01-03T17:00,0.0
66,2022-01-03T18:00,0.0
67,2022-01-03T19:00,0.0
68,2022-01-03T20:00,0.0
69,2022-01-03T21:00,0.0
70,2022-01-03T22:00,0.0
71,2022-01-03T23:00,0.0
72,2022-01-04T00:00,0.0
73,2022-01-04T01:00,0.0
74,2022-01-04T02:00,0.0
75,2022-01-04T03:00,0.0
76,2022-01-04T04:00,0.0
77,2022-01-04T05:00,0.0
78,2022-01-04T06:00,0.0
79,2022-01-04T07:00,0.0
80,2022-01-04T08:00,0.0
81,2022-01-04T09:00,0.9
82,2022-01-04T10:00,0.1
83,2022-01-04T11:00,0.3
84,2022-01-04T12:00,0.5
85,2022-01-04T13:00,0.1
86,2022-01-04T14:00,0.4
87,2022-01-04T15:00,0.1
88,2022-01-04T16:00,0.1
89,2022-01-04T17:00,0.0
90,2022-01-04T18:00,0.0
91,2022-01-04T19:00,0.0
92,2022-01-04T20:00,0.0
93,2022-01-04T21:00,0.0
94,2022-01-04T22:00,0.0
95,2022-01-04T23:00,0.0
96,2022-01-05T00:00,0.0
97,2022-01-05T01:00,0.0
98,2022-01-05T02:00,0.0
99,2022-01-05T03:00,0.0
100,2022-01-05T04:00,0.0
101,2022-01-05T05:00,0.0
102,2022-01-05T06:00,0.0
103,2022-01-05T07:00,0.0
104,2022-01-05T08:00,0.0
105,2022-01-05T09:00,0.0
106,2022-01-05T10:00,0.0
107,2022-01-05T11:00,0.0
108,2022-01-05T12:00,0.0
109,2022-01-05T13:00,0.0
110,2022-01-05T14:00,0.0
111,2022-01-05T15:00,0.0
112,2022-01-05T16:00,0.0
113,2022-01-05T17:00,0.0
114,2022-01-05T18:00,0.0
115,2022-01-05T19:00,0.0
116,2022-01-05T20:00,0.0
117,2022-01-05T21:00,0.0
118,2022-01-05T22:00,0.0
119,2022-01-05T23:00,0.0
120,2022-01-06T00:00,0.0
121,2022-01-06T01:00,0.0
122,2022-01-06T02:00,0.0
123,2022-01-06T03:00,0.0
124,2022-01-06T04:00,0.0
125,2022-01-06T05:00,0.0
126,2022-01-06T06:00,0.0
127,2022-01-06T07:00,0.0
128,2022-01-06T08:00,0.0
129,2022-01-06T09:00,0.0
130,2022-01-06T10:00,0.0
131,2022-01-06T11:00,0.0
132,2022-01-06T12:00,0.0
133,2022-01-06T13:00,0.0
134,2022-01-06T14:00,0.0
135,2022-01-06T15:00,0.0
136,2022-01-06T16:00,0.1
137,2022-01-06T17:00,0.2
138,2022-01-06T18:00,0.3
139,2022-01-06T19:00,0.2
140,2022-01-06T20:00,0.1
141,2022-01-06T21:00,0.5
142,2022-01-06T22:00,0.7
143,2022-01-06T23:00,0.1
144,2022-01-07T00:00,0.0
145,2022-01-07T01:00,0.0
146,2022-01-07T02:00,0.0
147,2022-01-07T03:00,0.0
148,2022-01-07T04:00,0.0
149,2022-01-07T05:00,0.0
150,2022-01-07T06:00,0.0
151,2022-01-07T07:00,0.0
152,2022-01-07T08:00,0.0
153,2022-01-07T09:00,0.0
154,2022-01-07T10:00,0.0
155,2022-01-07T11:00,0.0
156,2022-01-07T12:00,0.0
157,2022-01-07T13:00,0.0
158,2022-01-07T14:00,0.0
159,2022-01-07T15:00,0.0
160,2022-01-07T16:00,0.0
161,2022-01-07T17:00,0.0
162,2022-01-07T18:00,0.3
163,2022-01-07T19:00,0.0
164,2022-01-07T20:00,0.0
165,2022-01-07T21:00,0.0
166,2022-01-07T22:00,0.0
167,2022-01-07T23:00,0.0
168,2022-01-08T00:00,0.0
169,2022-01-08T01:00,0.0
170,2022-01-08T02:00,0.0
171,2022-01-08T03:00,0.0
172,2022-01-08T04:00,0.0
173,2022-01-08T05:00,0.0
174,2022-01-08T06:00,0.1
175,2022-01-08T07:00,0.3
176,2022-01-08T08:00,0.3
177,2022-01-08T09:00,0.2
178,2022-01-08T10:00,0.2
179,2022-01-08T11:00,0.1
180,2022-01-08T12:00,0.2
181,2022-01-08T13:00,2.2
182,2022-01-08T14:00,1.4
183,2022-01-08T15:00,0.6
184,2022-01-08T16:00,0.4
185,2022-01-08T17:00,0.5
186,2022-01-08T18:00,1.3
187,2022-01-08T19:00,0.1
188,2022-01-08T20:00,0.0
189,2022-01-08T21:00,0.0
190,2022-01-08T22:00,0.0
191,2022-01-08T23:00,0.0
192,2022-01-09T00:00,0.0
193,2022-01-09T01:00,0.0
194,2022-01-09T02:00,0.0
195,2022-01-09T03:00,0.0
196,2022-01-09T04:00,0.0
197,2022-01-09T05:00,0.0
198,2022-01-09T06:00,0.0
199,2022-01-09T07:00,0.0
200,2022-01-09T08:00,0.0
201,2022-01-09T09:00,0.0
202,2022-01-09T10:00,0.0
203,2022-01-09T11:00,0.0
204,2022-01-09T12:00,0.0
205,2022-01-09T13:00,0.0
206,2022-01-09T14:00,0.0
207,2022-01-09T15:00,0.0
208,2022-01-09T16:00,0.0
209,2022-01-09T17:00,0.0
210,2022-01-09T18:00,0.0
211,2022-01-09T19:00,0.0
212,2022-01-09T20:00,0.0
213,2022-01-09T21:00,0.0
214,2022-01-09T22:00,0.0
215,2022-01-09T23:00,0.0
216,2022-01-10T00:00,0.0
217,2022-01-10T01:00,0.0
218,2022-01-10T02:00,0.0
219,2022-01-10T03:00,0.0
220,2022-01-10T04:00,0.0
221,2022-01-10T05:00,0.0
222,2022-01-10T06:00,0.0
223,2022-01-10T07:00,0.0
224,2022-01-10T08:00,0.0
225,2022-01-10T09:00,0.0
226,2022-01-10T10:00,0.0
227,2022-01-10T11:00,0.0
228,2022-01-10T12:00,0.0
229,2022-01-10T13:00,0.0
230,2022-01-10T14:00,0.0
231,2022-01-10T15:00,0.0
232,2022-01-10T16:00,0.1
233,2022-01-10T17:00,0.1
234,2022-01-10T18:00,0.1
235,2022-01-10T19:00,0.0
236,2022-01-10T20:00,0.0
237,2022-01-10T21:00,0.1
238,2022-01-10T22:00,0.1
239,2022-01-10T23:00,0.1
240,2022-01-11T00:00,0.1
241,2022-01-11T01:00,0.1
242,2022-01-11T02:00,0.2
243,2022-01-11T03:00,0.1
244,2022-01-11T04:00,0.0
245,2022-01-11T05:00,0.0
246,2022-01-11T06:00,0.0
247,2022-01-11T07:00,0.0
248,2022-01-11T08:00,0.0
249,2022-01-11T09:00,0.0
250,2022-01-11T10:00,0.0
251,2022-01-11T11:00,0.0
252,2022-01-11T12:00,0.0
253,2022-01-11T13:00,0.0
254,2022-01-11T14:00,0.2
255,2022-01-11T15:00,0.1
256,2022-01-11T16:00,0.1
257,2022-01-11T17:00,0.2
258,2022-01-11T18:00,0.5
259,2022-01-11T19:00,0.2
260,2022-01-11T20:00,0.4
261,2022-01-11T21:00,0.3
262,2022-01-11T22:00,0.0
263,2022-01-11T23:00,0.0
264,2022-01-12T00:00,0.0
265,2022-01-12T01:00,0.0
266,2022-01-12T02:00,0.0
267,2022-01-12T03:00,0.0
268,2022-01-12T04:00,0.0
269,2022-01-12T05:00,0.0
270,2022-01-12T06:00,0.0
271,2022-01-12T07:00,0.0
272,2022-01-12T08:00,0.0
273,2022-01-12T09:00,0.0
274,2022-01-12T10:00,0.0
275,2022-01-12T11:00,0.0
276,2022-01-12T12:00,0.0
277,2022-01-12T13:00,0.0
278,2022-01-12T14:00,0.0
279,2022-01-12T15:00,0.0
280,2022-01-12T16:00,0.0
281,2022-01-12T17:00,0.0
282,2022-01-12T18:00,0.0
283,2022-01-12T19:00,0.0
284,2022-01-12T20:00,0.0
285,2022-01-12T21:00,0.0
286,2022-01-12T22:00,0.0
287,2022-01-12T23:00,0.0
288,2022-01-13T00:00,0.0
289,2022-01-13T01:00,0.0
290,2022-01-13T02:00,0.0
291,2022-01-13T03:00,0.0
292,2022-01-13T04:00,0.0
293,2022-01-13T05:00,0.0
294,2022-01-13T06:00,0.0
295,2022-01-13T07:00,0.0
296,2022-01-13T08:00,0.0
297,2022-01-13T09:00,0.0
298,2022-01-13T10:00,0.0
299,2022-01-13T11:00,0.0
300,2022-01-13T12:00,0.0
301,2022-01-13T13:00,0.0
302,2022-01-13T14:00,0.0
303,2022-01-13T15:00,0.0
304,2022-01-13T16:00,0.0
305,2022-01-13T17:00,0.0
306,2022-01-13T18:00,0.0
307,2022-01-13T19:00,0.0
308,2022-01-13T20:00,0.0
309,2022-01-13T21:00,0.0
310,2022-01-13T22:00,0.0
311,2022-01-13T23:00,0.0
312,2022-01-14T00:00,0.0
313,2022-01-14T01:00,0.0
314,2022-01-14T02:00,0.0
315,2022-01-14T03:00,0.0
316,2022-01-14T04:00,0.0
317,2022-01-14T05:00,0.0
318,2022-01-14T06:00,0.0
319,2022-01-14T07:00,0.0
320,2022-01-14T08:00,0.0
321,2022-01-14T09:00,0.0
322,2022-01-14T10:00,0.0
323,2022-01-14T11:00,0.0
324,2022-01-14T12:00,0.0
325,2022-01-14T13:00,0.0
326,2022-01-14T14:00,0.0
327,2022-01-14T15:00,0.0
328,2022-01-14T16:00,0.0
329,2022-01-14T17:00,0.0
330,2022-01-14T18:00,0.0
331,2022-01-14T19:00,0.0
332,2022-01-14T20:00,0.0
333,2022-01-14T21:00,0.0
334,2022-01-14T22:00,0.0
335,2022-01-14T23:00,0.0
336,2022-01-15T00:00,0.0
337,2022-01-15T01:00,0.0
338,2022-01-15T02:00,0.0
339,2022-01-15T03:00,0.0
340,2022-01-15T04:00,0.0
341,2022-01-15T05:00,0.0
342,2022-01-15T06:00,0.0
343,2022-01-15T07:00,0.0
344,2022-01-15T08:00,0.0
345,2022-01-15T09:00,0.0
346,2022-01-15T10:00,0.0
347,2022-01-15T11:00,0.0
348,2022-01-15T12:00,0.0
349,2022-01-15T13:00,0.0
350,2022-01-15T14:00,0.0
351,2022-01-15T15:00,0.0
352,2022-01-15T16:00,0.0
353,2022-01-15T17:00,0.0
354,2022-01-15T18:00,0.0
355,2022-01-15T19:00,0.0
356,2022-01-15T20:00,0.0
357,2022-01-15T21:00,0.0
358,2022-01-15T22:00,0.0
359,2022-01-15T23:00,0.0
360,2022-01-16T00:00,0.0
361,2022-01-16T01:00,0.0
362,2022-01-16T02:00,0.0
363,2022-01-16T03:00,0.0
364,2022-01-16T04:00,0.0
365,2022-01-16T05:00,0.0
366,2022-01-16T06:00,0.0
367,2022-01-16T07:00,0.0
368,2022-01-16T08:00,0.0
369,2022-01-16T09:00,0.0
370,2022-01-16T10:00,0.0
371,2022-01-16T11:00,0.0
372,2022-01-16T12:00,0.0
373,2022-01-16T13:00,0.0
374,2022-01-16T14:00,0.0
375,2022-01-16T15:00,0.0
376,2022-01-16T16:00,0.0
377,2022-01-16T17:00,0.0
378,2022-01-16T18:00,0.0
379,2022-01-16T19:00,0.0
380,2022-01-16T20:00,0.0
381,2022-01-16T21:00,0.0
382,2022-01-16T22:00,0.0
383,2022-01-16T23:00,0.0
384,2022-01-17T00:00,0.0
385,2022-01-17T01:00,0.0
386,2022-01-17T02:00,0.0
387,2022-01-17T03:00,0.0
388,2022-01-17T04:00,0.0
389,2022-01-17T05:00,0.0
390,2022-01-17T06:00,0.0
391,2022-01-17T07:00,0.0
392,2022-01-17T08:00,0.0
393,2022-01-17T09:00,0.0
394,2022-01-17T10:00,0.0
395,2022-01-17T11:00,0.0
396,2022-01-17T12:00,0.0
397,2022-01-17T13:00,0.0
398,2022-01-17T14:00,0.0
399,2022-01-17T15:00,0.0
400,2022-01-17T16:00,0.0
401,2022-01-17T17:00,0.0
402,2022-01-17T18:00,0.0
403,2022-01-17T19:00,0.0
404,2022-01-17T20:00,0.0
405,2022-01-17T21:00,0.0
406,2022-01-17T22:00,0.0
407,2022-01-17T23:00,0.0
408,2022-01-18T00:00,0.0
409,2022-01-18T01:00,0.0
410,2022-01-18T02:00,0.0
411,2022-01-18T03:00,0.0
412,2022-01-18T04:00,0.0
413,2022-01-18T05:00,0.0
414,2022-01-18T06:00,0.0
415,2022-01-18T07:00,0.0
416,2022-01-18T08:00,0.0
417,2022-01-18T09:00,0.0
418,2022-01-18T10:00,0.0
419,2022-01-18T11:00,0.0
420,2022-01-18T12:00,0.0
421,2022-01-18T13:00,0.0
422,2022-01-18T14:00,0.0
423,2022-01-18T15:00,0.0
424,2022-01-18T16:00,0.0
425,2022-01-18T17:00,0.0
426,2022-01-18T18:00,0.0
427,2022-01-18T19:00,0.0
428,2022-01-18T20:00,0.0
429,2022-01-18T21:00,0.0
430,2022-01-18T22:00,0.0
431,2022-01-18T23:00,0.0
432,2022-01-19T00:00,0.0
433,2022-01-19T01:00,0.0
434,2022-01-19T02:00,0.0
435,2022-01-19T03:00,0.0
436,2022-01-19T04:00,0.0
437,2022-01-19T05:00,0.0
438,2022-01-19T06:00,0.0
439,2022-01-19T07:00,0.0
440,2022-01-19T08:00,0.0
441,2022-01-19T09:00,0.0
442,2022-01-19T10:00,0.0
443,2022-01-19T11:00,0.0
444,2022-01-19T12:00,0.0
445,2022-01-19T13:00,0.0
446,2022-01-19T14:00,0.0
447,2022-01-19T15:00,0.0
448,2022-01-19T16:00,0.0
449,2022-01-19T17:00,0.0
450,2022-01-19T18:00,0.0
451,2022-01-19T19:00,0.0
452,2022-01-19T20:00,0.0
453,2022-01-19T21:00,0.0
454,2022-01-19T22:00,0.0
455,2022-01-19T23:00,0.0
456,2022-01-20T00:00,0.0
457,2022-01-20T01:00,0.0
458,2022-01-20T02:00,0.0
459,2022-01-20T03:00,0.0
460,2022-01-20T04:00,0.0
461,2022-01-20T05:00,0.0
462,2022-01-20T06:00,0.0
463,2022-01-20T07:00,0.0
464,2022-01-20T08:00,0.0
465,2022-01-20T09:00,0.0
466,2022-01-20T10:00,0.0
467,2022-01-20T11:00,0.0
468,2022-01-20T12:00,0.0
469,2022-01-20T13:00,0.0
470,2022-01-20T14:00,0.0
471,2022-01-20T15:00,0.0
472,2022-01-20T16:00,0.0
473,2022-01-20T17:00,0.0
474,2022-01-20T18:00,0.0
475,2022-01-20T19:00,0.0
476,2022-01-20T20:00,0.0
477,2022-01-20T21:00,0.0
478,2022-01-20T22:00,0.0
479,2022-01-20T23:00,0.0
480,2022-01-21T00:00,0.0
481,2022-01-21T01:00,0.0
482,2022-01-21T02:00,0.0
483,2022-01-21T03:00,0.0
484,2022-01-21T04:00,0.0
485,2022-01-21T05:00,0.0
486,2022-01-21T06:00,0.0
487,2022-01-21T07:00,0.0
488,2022-01-21T08:00,0.0
489,2022-01-21T09:00,0.0
490,2022-01-21T10:00,0.0
491,2022-01-21T11:00,0.0
492,2022-01-21T12:00,0.0
493,2022-01-21T13:00,0.0
494,2022-01-21T14:00,0.0
495,2022-01-21T15:00,0.0
496,2022-01-21T16:00,0.0
497,2022-01-21T17:00,0.0
498,2022-01-21T18:00,0.0
499,2022-01-21T19:00,0.0
500,2022-01-21T20:00,0.0
501,2022-01-21T21:00,0.0
502,2022-01-21T22:00,0.0
503,2022-01-21T23:00,0.0
504,2022-01-22T00:00,0.0
505,2022-01-22T01:00,0.0
506,2022-01-22T02:00,0.0
507,2022-01-22T03:00,0.0
508,2022-01-22T04:00,0.0
509,2022-01-22T05:00,0.0
510,2022-01-22T06:00,0.0
511,2022-01-22T07:00,0.0
512,2022-01-22T08:00,0.0
513,2022-01-22T09:00,0.0
514,2022-01-22T10:00,0.0
515,2022-01-22T11:00,0.0
516,2022-01-22T12:00,0.0
517,2022-01-22T13:00,0.0
518,2022-01-22T14:00,0.0
519,2022-01-22T15:00,0.0
520,2022-01-22T16:00,0.0
521,2022-01-22T17:00,0.0
522,2022-01-22T18:00,0.0
523,2022-01-22T19:00,0.0
524,2022-01-22T20:00,0.0
525,2022-01-22T21:00,0.0
526,2022-01-22T22:00,0.0
527,2022-01-22T23:00,0.0
528,2022-01-23T00:00,0.0
529,2022-01-23T01:00,0.0
530,2022-01-23T02:00,0.0
531,2022-01-23T03:00,0.0
532,2022-01-23T04:00,0.0
533,2022-01-23T05:00,0.0
534,2022-01-23T06:00,0.0
535,2022-01-23T07:00,0.0
536,2022-01-23T08:00,0.0
537,2022-01-23T09:00,0.0
538,2022-01-23T10:00,0.0
539,2022-01-23T11:00,0.0
540,2022-01-23T12:00,0.0
541,2022-01-23T13:00,0.0
542,2022-01-23T14:00,0.0
543,2022-01-23T15:00,0.0
544,2022-01-23T16:00,0.0
545,2022-01-23T17:00,0.0
546,2022-01-23T18:00,0.0
547,2022-01-23T19:00,0.0
548,2022-01-23T20:00,0.0
549,2022-01-23T21:00,0.0
550,2022-01-23T22:00,0.0
551,2022-01-23T23:00,0.0
552,2022-01-24T00:00,0.0
553,2022-01-24T01:00,0.0
554,2022-01-24T02:00,0.0
555,2022-01-24T03:00,0.0
556,2022-01-24T04:00,0.0
557,2022-01-24T05:00,0.0
558,2022-01-24T06:00,0.0
559,2022-01-24T07:00,0.0
560,2022-01-24T08:00,0.0
561,2022-01-24T09:00,0.0
562,2022-01-24T10:00,0.0
563,2022-01-24T11:00,0.0
564,2022-01-24T12:00,0.0
565,2022-01-24T13:00,0.0
566,2022-01-24T14:00,0.0
567,2022-01-24T15:00,0.0
568,2022-01-24T16:00,0.0
569,2022-01-24T17:00,0.0
570,2022-01-24T18:00,0.0
571,2022-01-24T19:00,0.0
572,2022-01-24T20:00,0.0
573,2022-01-24T21:00,0.0
574,2022-01-24T22:00,0.0
575,2022-01-24T23:00,0.0
576,2022-01-25T00:00,0.0
577,2022-01-25T01:00,0.0
578,2022-01-25T02:00,0.0
579,2022-01-25T03:00,0.0
580,2022-01-25T04:00,0.0
581,2022-01-25T05:00,0.0
582,2022-01-25T06:00,0.0
583,2022-01-25T07:00,0.0
584,2022-01-25T08:00,0.0
585,2022-01-25T09:00,0.0
586,2022-01-25T10:00,0.0
587,2022-01-25T11:00,0.0
588,2022-01-25T12:00,0.0
589,2022-01-25T13:00,0.0
590,2022-01-25T14:00,0.0
591,2022-01-25T15:00,0.0
592,2022-01-25T16:00,0.0
593,2022-01-25T17:00,0.0
594,2022-01-25T18:00,0.0
595,2022-01-25T19:00,0.0
596,2022-01-25T20:00,0.0
597,2022-01-25T21:00,0.0
598,2022-01-25T22:00,0.0
599,2022-01-25T23:00,0.0
600,2022-01-26T00:00,0.0
601,2022-01-26T01:00,0.0
602,2022-01-26T02:00,0.0
603,2022-01-26T03:00,0.0
604,2022-01-26T04:00,0.0
605,2022-01-26T05:00,0.0
606,2022-01-26T06:00,0.0
607,2022-01-26T07:00,0.0
608,2022-01-26T08:00,0.0
609,2022-01-26T09:00,0.0
610,2022-01-26T10:00,0.0
611,2022-01-26T11:00,0.0
612,2022-01-26T12:00,0.0
613,2022-01-26T13:00,0.0
614,2022-01-26T14:00,0.0
615,2022-01-26T15:00,0.0
616,2022-01-26T16:00,0.0
617,2022-01-26T17:00,0.0
618,2022-01-26T18:00,0.0
619,2022-01-26T19:00,0.0
620,2022-01-26T20:00,0.0
621,2022-01-26T21:00,0.0
622,2022-01-26T22:00,0.0
623,2022-01-26T23:00,0.0
624,2022-01-27T00:00,0.0
625,2022-01-27T01:00,0.0
626,2022-01-27T02:00,0.0
627,2022-01-27T03:00,0.0
628,2022-01-27T04:00,0.0
629,2022-01-27T05:00,0.0
630,2022-01-27T06:00,0.0
631,2022-01-27T07:00,0.0
632,2022-01-27T08:00,0.0
633,2022-01-27T09:00,0.0
634,2022-01-27T10:00,0.0
635,2022-01-27T11:00,0.0
636,2022-01-27T12:00,0.0
637,2022-01-27T13:00,0.0
638,2022-01-27T14:00,0.0
639,2022-01-27T15:00,0.0
640,2022-01-27T16:00,0.0
641,2022-01-27T17:00,0.0
642,2022-01-27T18:00,0.0
643,2022-01-27T19:00,0.0
644,2022-01-27T20:00,0.0
645,2022-01-27T21:00,0.0
646,2022-01-27T22:00,0.0
647,2022-01-27T23:00,0.0
648,2022-01-28T00:00,0.0
649,2022-01-28T01:00,0.0
650,2022-01-28T02:00,0.0
651,2022-01-28T03:00,0.0
652,2022-01-28T04:00,0.0
653,2022-01-28T05:00,0.0
654,2022-01-28T06:00,0.0
655,2022-01-28T07:00,0.0
656,2022-01-28T08:00,0.0
657,2022-01-28T09:00,0.0
658,2022-01-28T10:00,0.0
659,2022-01-28T11:00,0.0
660,2022-01-28T12:00,0.0
661,2022-01-28T13:00,0.0
662,2022-01-28T14:00,0.0
663,2022-01-28T15:00,0.0
664,2022-01-28T16:00,0.0
665,2022-01-28T17:00,0.0
666,2022-01-28T18:00,0.0
667,2022-01-28T19:00,0.0
668,2022-01-28T20:00,0.0
669,2022-01-28T21:00,0.0
670,2022-01-28T22:00,0.0
671,2022-01-28T23:00,0.0
672,2022-01-29T00:00,0.0
673,2022-01-29T01:00,0.1
674,2022-01-29T02:00,0.0
675,2022-01-29T03:00,0.0
676,2022-01-29T04:00,0.0
677,2022-01-29T05:00,0.0
678,2022-01-29T06:00,0.0
679,2022-01-29T07:00,0.0
680,2022-01-29T08:00,0.0
681,2022-01-29T09:00,0.0
682,2022-01-29T10:00,0.0
683,2022-01-29T11:00,0.0
684,2022-01-29T12:00,0.0
685,2022-01-29T13:00,0.0
686,2022-01-29T14:00,0.0
687,2022-01-29T15:00,0.0
688,2022-01-29T16:00,0.0
689,2022-01-29T17:00,0.0
690,2022-01-29T18:00,0.0
691,2022-01-29T19:00,0.0
692,2022-01-29T20:00,0.0
693,2022-01-29T21:00,0.0
694,2022-01-29T22:00,0.0
695,2022-01-29T23:00,0.0
696,2022-01-30T00:00,0.0
697,2022-01-30T01:00,0.0
698,2022-01-30T02:00,0.0
699,2022-01-30T03:00,0.0
700,2022-01-30T04:00,0.0
701,2022-01-30T05:00,0.0
702,2022-01-30T06:00,0.0
703,2022-01-30T07:00,0.0
704,2022-01-30T08:00,0.0
705,2022-01-30T09:00,0.0
706,2022-01-30T10:00,0.0
707,2022-01-30T11:00,0.0
708,2022-01-30T12:00,0.0
709,2022-01-30T13:00,0.0
710,2022-01-30T14:00,0.0
711,2022-01-30T15:00,0.0
712,2022-01-30T16:00,0.0
713,2022-01-30T17:00,0.0
714,2022-01-30T18:00,0.0
715,2022-01-30T19:00,0.0
716,2022-01-30T20:00,0.0
717,2022-01-30T21:00,0.0
718,2022-01-30T22:00,0.0
719,2022-01-30T23:00,0.0
720,2022-01-31T00:00,0.3
721,2022-01-31T01:00,0.4
722,2022-01-31T02:00,0.0
723,2022-01-31T03:00,0.0
724,2022-01-31T04:00,0.0
725,2022-01-31T05:00,0.0
726,2022-01-31T06:00,0.0
727,2022-01-31T07:00,0.0
728,2022-01-31T08:00,0.0
729,2022-01-31T09:00,0.0
730,2022-01-31T10:00,0.0
731,2022-01-31T11:00,0.0
732,2022-01-31T12:00,0.0
733,2022-01-31T13:00,0.0
734,2022-01-31T14:00,0.0
735,2022-01-31T15:00,0.0
736,2022-01-31T16:00,0.0
737,2022-01-31T17:00,0.0
738,2022-01-31T18:00,0.0
739,2022-01-31T19:00,0.0
740,2022-01-31T20:00,0.0
741,2022-01-31T21:00,0.0
742,2022-01-31T22:00,0.0
743,2022-01-31T23:00,0.0
744,2022-02-01T00:00,0.0
745,2022-02-01T01:00,0.0
746,2022-02-01T02:00,0.1
747,2022-02-01T03:00,0.1
748,2022-02-01T04:00,0.1
749,2022-02-01T05:00,0.3
750,2022-02-01T06:00,0.1
751,2022-02-01T07:00,0.0
752,2022-02-01T08:00,0.0
753,2022-02-01T09:00,0.0
754,2022-02-01T10:00,0.0
755,2022-02-01T11:00,0.0
756,2022-02-01T12:00,0.0
757,2022-02-01T13:00,0.0
758,2022-02-01T14:00,0.0
759,2022-02-01T15:00,0.0
760,2022-02-01T16:00,0.0
761,2022-02-01T17:00,0.0
762,2022-02-01T18:00,0.0
763,2022-02-01T19:00,0.0
764,2022-02-01T20:00,0.0
765,2022-02-01T21:00,0.0
766,2022-02-01T22:00,0.0
767,2022-02-01T23:00,0.0
768,2022-02-02T00:00,0.0
769,2022-02-02T01:00,0.0
770,2022-02-02T02:00,0.0
771,2022-02-02T03:00,0.0
772,2022-02-02T04:00,0.0
773,2022-02-02T05:00,0.0
774,2022-02-02T06:00,0.0
775,2022-02-02T07:00,0.0
776,2022-02-02T08:00,0.0
777,2022-02-02T09:00,0.0
778,2022-02-02T10:00,0.0
779,2022-02-02T11:00,0.0
780,2022-02-02T12:00,0.0
781,2022-02-02T13:00,0.0
782,2022-02-02T14:00,0.0
783,2022-02-02T15:00,0.0
784,2022-02-02T16:00,0.0
785,2022-02-02T17:00,0.0
786,2022-02-02T18:00,0.0
787,2022-02-02T19:00,0.0
788,2022-02-02T20:00,0.0
789,2022-02-02T21:00,0.0
790,2022-02-02T22:00,0.0
791,2022-02-02T23:00,0.0
792,2022-02-03T00:00,0.0
793,2022-02-03T01:00,0.0
794,2022-02-03T02:00,0.0
795,2022-02-03T03:00,0.0
796,2022-02-03T04:00,0.0
797,2022-02-03T05:00,0.0
798,2022-02-03T06:00,0.0
799,2022-02-03T07:00,0.0
800,2022-02-03T08:00,0.0
801,2022-02-03T09:00,0.0
802,2022-02-03T10:00,0.0
803,2022-02-03T11:00,0.0
804,2022-02-03T12:00,0.0
805,2022-02-03T13:00,0.0
806,2022-02-03T14:00,0.0
807,2022-02-03T15:00,0.0
808,2022-02-03T16:00,0.0
809,2022-02-03T17:00,0.0
810,2022-02-03T18:00,0.0
811,2022-02-03T19:00,0.0
812,2022-02-03T20:00,0.0
813,2022-02-03T21:00,0.0
814,2022-02-03T22:00,0.0
815,2022-02-03T23:00,0.0
816,2022-02-04T00:00,0.0
817,2022-02-04T01:00,0.0
818,2022-02-04T02:00,0.0
819,2022-02-04T03:00,0.0
820,2022-02-04T04:00,0.0
821,2022-02-04T05:00,0.0
822,2022-02-04T06:00,0.0
823,2022-02-04T07:00,0.0
824,2022-02-04T08:00,0.0
825,2022-02-04T09:00,0.2
826,2022-02-04T10:00,2.2
827,2022-02-04T11:00,1.0
828,2022-02-04T12:00,0.1
829,2022-02-04T13:00,0.0
830,2022-02-04T14:00,0.1
831,2022-02-04T15:00,0.1
832,2022-02-04T16:00,0.0
833,2022-02-04T17:00,0.0
834,2022-02-04T18:00,0.0
835,2022-02-04T19:00,0.0
836,2022-02-04T20:00,0.0
837,2022-02-04T21:00,0.0
838,2022-02-04T22:00,0.0
839,2022-02-04T23:00,0.0
840,2022-02-05T00:00,0.0
841,2022-02-05T01:00,0.0
842,2022-02-05T02:00,0.0
843,2022-02-05T03:00,0.0
844,2022-02-05T04:00,0.0
845,2022-02-05T05:00,0.0
846,2022-02-05T06:00,0.0
847,2022-02-05T07:00,0.0
848,2022-02-05T08:00,0.0
849,2022-02-05T09:00,0.0
850,2022-02-05T10:00,0.0
851,2022-02-05T11:00,0.0
852,2022-02-05T12:00,0.0
853,2022-02-05T13:00,0.0
854,2022-02-05T14:00,0.0
855,2022-02-05T15:00,0.0
856,2022-02-05T16:00,0.0
857,2022-02-05T17:00,0.0
858,2022-02-05T18:00,0.0
859,2022-02-05T19:00,0.0
860,2022-02-05T20:00,0.0
861,2022-02-05T21:00,0.0
862,2022-02-05T22:00,0.0
863,2022-02-05T23:00,0.0
864,2022-02-06T00:00,0.0
865,2022-02-06T01:00,0.0
866,2022-02-06T02:00,0.3
867,2022-02-06T03:00,0.3
868,2022-02-06T04:00,0.1
869,2022-02-06T05:00,0.0
870,2022-02-06T06:00,0.0
871,2022-02-06T07:00,0.4
872,2022-02-06T08:00,0.7
873,2022-02-06T09:00,0.9
874,2022-02-06T10:00,0.6
875,2022-02-06T11:00,0.4
876,2022-02-06T12:00,0.1
877,2022-02-06T13:00,0.0
878,2022-02-06T14:00,0.0
879,2022-02-06T15:00,0.1
880,2022-02-06T16:00,0.0
881,2022-02-06T17:00,0.1
882,2022-02-06T18:00,0.0
883,2022-02-06T19:00,0.0
884,2022-02-06T20:00,0.0
885,2022-02-06T21:00,0.0
886,2022-02-06T22:00,0.0
887,2022-02-06T23:00,0.0
888,2022-02-07T00:00,0.0
889,2022-02-07T01:00,0.0
890,2022-02-07T02:00,0.0
891,2022-02-07T03:00,0.0
892,2022-02-07T04:00,0.0
893,2022-02-07T05:00,0.0
894,2022-02-07T06:00,0.0
895,2022-02-07T07:00,0.0
896,2022-02-07T08:00,0.0
897,2022-02-07T09:00,0.0
898,2022-02-07T10:00,0.0
899,2022-02-07T11:00,0.0
900,2022-02-07T12:00,0.0
901,2022-02-07T13:00,0.0
902,2022-02-07T14:00,0.0
903,2022-02-07T15:00,0.0
904,2022-02-07T16:00,0.0
905,2022-02-07T17:00,0.0
906,2022-02-07T18:00,0.0
907,2022-02-07T19:00,0.0
908,2022-02-07T20:00,0.0
909,2022-02-07T21:00,0.0
910,2022-02-07T22:00,0.0
911,2022-02-07T23:00,0.0
912,2022-02-08T00:00,0.0
913,2022-02-08T01:00,0.0
914,2022-02-08T02:00,0.0
915,2022-02-08T03:00,0.0
916,2022-02-08T04:00,0.0
917,2022-02-08T05:00,0.0
918,2022-02-08T06:00,0.0
919,2022-02-08T07:00,0.0
920,2022-02-08T08:00,0.0
921,2022-02-08T09:00,0.0
922,2022-02-08T10:00,0.0
923,2022-02-08T11:00,0.0
924,2022-02-08T12:00,0.0
925,2022-02-08T13:00,0.0
926,2022-02-08T14:00,0.0
927,2022-02-08T15:00,0.0
928,2022-02-08T16:00,0.0
929,2022-02-08T17:00,0.0
930,2022-02-08T18:00,0.0
931,2022-02-08T19:00,0.0
932,2022-02-08T20:00,0.0
933,2022-02-08T21:00,0.0
934,2022-02-08T22:00,0.0
935,2022-02-08T23:00,0.0
936,2022-02-09T00:00,0.0
937,2022-02-09T01:00,0.0
938,2022-02-09T02:00,0.0
939,2022-02-09T03:00,0.0
940,2022-02-09T04:00,0.0
941,2022-02-09T05:00,0.0
942,2022-02-09T06:00,0.0
943,2022-02-09T07:00,0.0
944,2022-02-09T08:00,0.0
945,2022-02-09T09:00,0.0
946,2022-02-09T10:00,0.0
947,2022-02-09T11:00,0.0
948,2022-02-09T12:00,0.0
949,2022-02-09T13:00,0.0
950,2022-02-09T14:00,0.0
951,2022-02-09T15:00,0.0
952,2022-02-09T16:00,0.0
953,2022-02-09T17:00,0.0
954,2022-02-09T18:00,0.0
955,2022-02-09T19:00,0.0
956,2022-02-09T20:00,0.1
957,2022-02-09T21:00,0.2
958,2022-02-09T22:00,0.4
959,2022-02-09T23:00,2.5
960,2022-02-10T00:00,0.3
961,2022-02-10T01:00,0.2
962,2022-02-10T02:00,0.0
963,2022-02-10T03:00,0.0
964,2022-02-10T04:00,0.0
965,2022-02-10T05:00,0.0
966,2022-02-10T06:00,0.0
967,2022-02-10T07:00,0.1
968,2022-02-10T08:00,0.0
969,2022-02-10T09:00,0.0
970,2022-02-10T10:00,0.0
971,2022-02-10T11:00,0.0
972,2022-02-10T12:00,0.0
973,2022-02-10T13:00,0.0
974,2022-02-10T14:00,0.0
975,2022-02-10T15:00,0.0
976,2022-02-10T16:00,0.0
977,2022-02-10T17:00,0.0
978,2022-02-10T18:00,0.0
979,2022-02-10T19:00,0.0
980,2022-02-10T20:00,0.0
981,2022-02-10T21:00,0.0
982,2022-02-10T22:00,0.0
983,2022-02-10T23:00,0.0
984,2022-02-11T00:00,0.0
985,2022-02-11T01:00,0.0
986,2022-02-11T02:00,0.0
987,2022-02-11T03:00,0.0
988,2022-02-11T04:00,0.0
989,2022-02-11T05:00,0.0
990,2022-02-11T06:00,0.0
991,2022-02-11T07:00,0.0
992,2022-02-11T08:00,0.0
993,2022-02-11T09:00,0.0
994,2022-02-11T10:00,0.0
995,2022-02-11T11:00,0.0
996,2022-02-11T12:00,0.0
997,2022-02-11T13:00,0.0
998,2022-02-11T14:00,0.0
999,2022-02-11T15:00,0.0
1000,2022-02-11T16:00,0.0
1001,2022-02-11T17:00,0.0
1002,2022-02-11T18:00,0.0
1003,2022-02-11T19:00,0.0
1004,2022-02-11T20:00,0.0
1005,2022-02-11T21:00,0.0
1006,2022-02-11T22:00,0.0
1007,2022-02-11T23:00,0.0
1008,2022-02-12T00:00,0.0
1009,2022-02-12T01:00,0.0
1010,2022-02-12T02:00,0.0
1011,2022-02-12T03:00,0.0
1012,2022-02-12T04:00,0.0
1013,2022-02-12T05:00,0.0
1014,2022-02-12T06:00,0.0
1015,2022-02-12T07:00,0.0
1016,2022-02-12T08:00,0.0
1017,2022-02-12T09:00,0.0
1018,2022-02-12T10:00,0.0
1019,2022-02-12T11:00,0.0
1020,2022-02-12T12:00,0.0
1021,2022-02-12T13:00,0.0
1022,2022-02-12T14:00,0.0
1023,2022-02-12T15:00,0.0
1024,2022-02-12T16:00,0.0
1025,2022-02-12T17:00,0.0
1026,2022-02-12T18:00,0.0
1027,2022-02-12T19:00,0.0
1028,2022-02-12T20:00,0.0
1029,2022-02-12T21:00,0.0
1030,2022-02-12T22:00,0.0
1031,2022-02-12T23:00,0.0
1032,2022-02-13T00:00,0.0
1033,2022-02-13T01:00,0.0
1034,2022-02-13T02:00,0.0
1035,2022-02-13T03:00,0.0
1036,2022-02-13T04:00,0.0
1037,2022-02-13T05:00,0.0
1038,2022-02-13T06:00,0.0
1039,2022-02-13T07:00,0.0
1040,2022-02-13T08:00,0.0
1041,2022-02-13T09:00,0.0
1042,2022-02-13T10:00,0.0
1043,2022-02-13T11:00,0.0
1044,2022-02-13T12:00,0.0
1045,2022-02-13T13:00,0.0
1046,2022-02-13T14:00,0.7
1047,2022-02-13T15:00,1.6
1048,2022-02-13T16:00,0.9
1049,2022-02-13T17:00,1.2
1050,2022-02-13T18:00,0.9
1051,2022-02-13T19:00,0.7
1052,2022-02-13T20:00,0.8
1053,2022-02-13T21:00,0.6
1054,2022-02-13T22:00,1.5
1055,2022-02-13T23:00,1.6
1056,2022-02-14T00:00,0.9
1057,2022-02-14T01:00,0.8
1058,2022-02-14T02:00,1.0
1059,2022-02-14T03:00,0.4
1060,2022-02-14T04:00,0.1
1061,2022-02-14T05:00,0.1
1062,2022-02-14T06:00,0.0
1063,2022-02-14T07:00,0.0
1064,2022-02-14T08:00,0.0
1065,2022-02-14T09:00,0.0
1066,2022-02-14T10:00,0.0
1067,2022-02-14T11:00,0.0
1068,2022-02-14T12:00,0.1
1069,2022-02-14T13:00,0.2
1070,2022-02-14T14:00,0.1
1071,2022-02-14T15:00,0.4
1072,2022-02-14T16:00,0.1
1073,2022-02-14T17:00,0.0
1074,2022-02-14T18:00,0.0
1075,2022-02-14T19:00,0.0
1076,2022-02-14T20:00,0.0
1077,2022-02-14T21:00,0.0
1078,2022-02-14T22:00,0.0
1079,2022-02-14T23:00,0.0
1080,2022-02-15T00:00,0.0
1081,2022-02-15T01:00,0.0
1082,2022-02-15T02:00,0.0
1083,2022-02-15T03:00,0.0
1084,2022-02-15T04:00,0.0
1085,2022-02-15T05:00,0.0
1086,2022-02-15T06:00,0.0
1087,2022-02-15T07:00,0.0
1088,2022-02-15T08:00,0.0
1089,2022-02-15T09:00,0.0
1090,2022-02-15T10:00,0.0
1091,2022-02-15T11:00,0.1
1092,2022-02-15T12:00,0.9
1093,2022-02-15T13:00,0.8
1094,2022-02-15T14:00,1.2
1095,2022-02-15T15:00,1.6
1096,2022-02-15T16:00,1.1
1097,2022-02-15T17:00,0.2
1098,2022-02-15T18:00,0.1
1099,2022-02-15T19:00,0.0
1100,2022-02-15T20:00,0.0
1101,2022-02-15T21:00,0.1
1102,2022-02-15T22:00,0.4
1103,2022-02-15T23:00,0.1
1104,2022-02-16T00:00,0.5
1105,2022-02-16T01:00,1.8
1106,2022-02-16T02:00,1.9
1107,2022-02-16T03:00,0.3
1108,2022-02-16T04:00,0.0
1109,2022-02-16T05:00,0.0
1110,2022-02-16T06:00,0.0
1111,2022-02-16T07:00,0.0
1112,2022-02-16T08:00,0.0
1113,2022-02-16T09:00,0.0
1114,2022-02-16T10:00,0.0
1115,2022-02-16T11:00,0.0
1116,2022-02-16T12:00,0.0
1117,2022-02-16T13:00,0.0
1118,2022-02-16T14:00,0.0
1119,2022-02-16T15:00,0.0
1120,2022-02-16T16:00,0.0
1121,2022-02-16T17:00,0.0
1122,2022-02-16T18:00,0.3
1123,2022-02-16T19:00,0.1
1124,2022-02-16T20:00,0.4
1125,2022-02-16T21:00,0.5
1126,2022-02-16T22:00,0.1
1127,2022-02-16T23:00,0.0
1128,2022-02-17T00:00,0.0
1129,2022-02-17T01:00,0.0
1130,2022-02-17T02:00,0.0
1131,2022-02-17T03:00,0.0
1132,2022-02-17T04:00,0.0
1133,2022-02-17T05:00,0.0
1134,2022-02-17T06:00,0.0
1135,2022-02-17T07:00,0.0
1136,2022-02-17T08:00,0.0
1137,2022-02-17T09:00,0.0
1138,2022-02-17T10:00,0.0
1139,2022-02-17T11:00,0.0
1140,2022-02-17T12:00,0.0
1141,2022-02-17T13:00,0.0
1142,2022-02-17T14:00,0.0
1143,2022-02-17T15:00,0.0
1144,2022-02-17T16:00,0.0
1145,2022-02-17T17:00,0.0
1146,2022-02-17T18:00,0.0
1147,2022-02-17T19:00,0.0
1148,2022-02-17T20:00,0.0
1149,2022-02-17T21:00,0.0
1150,2022-02-17T22:00,0.0
1151,2022-02-17T23:00,0.1
1152,2022-02-18T00:00,0.3
1153,2022-02-18T01:00,0.2
1154,2022-02-18T02:00,0.0
1155,2022-02-18T03:00,0.1
1156,2022-02-18T04:00,0.0
1157,2022-02-18T05:00,0.2
1158,2022-02-18T06:00,0.1
1159,2022-02-18T07:00,0.4
1160,2022-02-18T08:00,0.4
1161,2022-02-18T09:00,0.4
1162,2022-02-18T10:00,0.1
1163,2022-02-18T11:00,0.1
1164,2022-02-18T12:00,0.0
1165,2022-02-18T13:00,0.0
1166,2022-02-18T14:00,0.1
1167,2022-02-18T15:00,0.1
1168,2022-02-18T16:00,0.0
1169,2022-02-18T17:00,0.1
1170,2022-02-18T18:00,0.0
1171,2022-02-18T19:00,0.0
1172,2022-02-18T20:00,0.0
1173,2022-02-18T21:00,0.0
1174,2022-02-18T22:00,0.0
1175,2022-02-18T23:00,0.0
1176,2022-02-19T00:00,0.0
1177,2022-02-19T01:00,0.0
1178,2022-02-19T02:00,0.0
1179,2022-02-19T03:00,0.0
1180,2022-02-19T04:00,0.0
1181,2022-02-19T05:00,0.0
1182,2022-02-19T06:00,0.0
1183,2022-02-19T07:00,0.0
1184,2022-02-19T08:00,0.0
1185,2022-02-19T09:00,0.0
1186,2022-02-19T10:00,0.0
1187,2022-02-19T11:00,0.0
1188,2022-02-19T12:00,0.0
1189,2022-02-19T13:00,0.2
1190,2022-02-19T14:00,1.2
1191,2022-02-19T15:00,2.0
1192,2022-02-19T16:00,1.8
1193,2022-02-19T17:00,0.0
1194,2022-02-19T18:00,0.0
1195,2022-02-19T19:00,0.0
1196,2022-02-19T20:00,0.0
1197,2022-02-19T21:00,0.0
1198,2022-02-19T22:00,0.0
1199,2022-02-19T23:00,0.0
1200,2022-02-20T00:00,0.0
1201,2022-02-20T01:00,0.0
1202,2022-02-20T02:00,0.0
1203,2022-02-20T03:00,0.0
1204,2022-02-20T04:00,0.0
1205,2022-02-20T05:00,0.0
1206,2022-02-20T06:00,0.0
1207,2022-02-20T07:00,0.0
1208,2022-02-20T08:00,0.0
1209,2022-02-20T09:00,0.0
1210,2022-02-20T10:00,0.1
1211,2022-02-20T11:00,0.1
1212,2022-02-20T12:00,0.1
1213,2022-02-20T13:00,0.1
1214,2022-02-20T14:00,0.0
1215,2022-02-20T15:00,0.0
1216,2022-02-20T16:00,0.1
1217,2022-02-20T17:00,0.1
1218,2022-02-20T18:00,0.6
1219,2022-02-20T19:00,0.4
1220,2022-02-20T20:00,1.3
1221,2022-02-20T21:00,0.1
1222,2022-02-20T22:00,0.0
1223,2022-02-20T23:00,0.0
1224,2022-02-21T00:00,0.0
1225,2022-02-21T01:00,0.0
1226,2022-02-21T02:00,0.0
1227,2022-02-21T03:00,0.0
1228,2022-02-21T04:00,0.0
1229,2022-02-21T05:00,0.0
1230,2022-02-21T06:00,0.0
1231,2022-02-21T07:00,0.0
1232,2022-02-21T08:00,0.0
1233,2022-02-21T09:00,0.0
1234,2022-02-21T10:00,0.0
1235,2022-02-21T11:00,0.0
1236,2022-02-21T12:00,0.0
1237,2022-02-21T13:00,0.0
1238,2022-02-21T14:00,0.2
1239,2022-02-21T15:00,0.1
1240,2022-02-21T16:00,0.0
1241,2022-02-21T17:00,0.0
1242,2022-02-21T18:00,0.0
1243,2022-02-21T19:00,0.0
1244,2022-02-21T20:00,0.0
1245,2022-02-21T21:00,0.0
1246,2022-02-21T22:00,0.0
1247,2022-02-21T23:00,0.0
1248,2022-02-22T00:00,0.0
1249,2022-02-22T01:00,0.0
1250,2022-02-22T02:00,0.0
1251,2022-02-22T03:00,0.0
1252,2022-02-22T04:00,0.0
1253,2022-02-22T05:00,0.0
1254,2022-02-22T06:00,0.0
1255,2022-02-22T07:00,0.1
1256,2022-02-22T08:00,0.0
1257,2022-02-22T09:00,0.0
1258,2022-02-22T10:00,0.0
1259,2022-02-22T11:00,0.0
1260,2022-02-22T12:00,0.0
1261,2022-02-22T13:00,0.0
1262,2022-02-22T14:00,0.2
1263,2022-02-22T15:00,0.2
1264,2022-02-22T16:00,0.0
1265,2022-02-22T17:00,0.0
1266,2022-02-22T18:00,0.0
1267,2022-02-22T19:00,0.0
1268,2022-02-22T20:00,0.0
1269,2022-02-22T21:00,0.0
1270,2022-02-22T22:00,0.0
1271,2022-02-22T23:00,0.0
1272,2022-02-23T00:00,0.0
1273,2022-02-23T01:00,0.0
1274,2022-02-23T02:00,0.0
1275,2022-02-23T03:00,0.0
1276,2022-02-23T04:00,0.0
1277,2022-02-23T05:00,0.0
1278,2022-02-23T06:00,0.0
1279,2022-02-23T07:00,0.0
1280,2022-02-23T08:00,0.0
1281,2022-02-23T09:00,0.0
1282,2022-02-23T10:00,0.0
1283,2022-02-23T11:00,0.0
1284,2022-02-23T12:00,0.0
1285,2022-02-23T13:00,0.1
1286,2022-02-23T14:00,0.0
1287,2022-02-23T15:00,0.0
1288,2022-02-23T16:00,0.0
1289,2022-02-23T17:00,0.0
1290,2022-02-23T18:00,0.0
1291,2022-02-23T19:00,0.0
1292,2022-02-23T20:00,0.0
1293,2022-02-23T21:00,0.0
1294,2022-02-23T22:00,0.0
1295,2022-02-23T23:00,0.0
1296,2022-02-24T00:00,0.0
1297,2022-02-24T01:00,0.0
1298,2022-02-24T02:00,0.0
1299,2022-02-24T03:00,0.0
1300,2022-02-24T04:00,0.0
1301,2022-02-24T05:00,0.0
1302,2022-02-24T06:00,0.0
1303,2022-02-24T07:00,0.1
1304,2022-02-24T08:00,0.4
1305,2022-02-24T09:00,2.1
1306,2022-02-24T10:00,0.5
1307,2022-02-24T11:00,0.1
1308,2022-02-24T12:00,0.2
1309,2022-02-24T13:00,0.1
1310,2022-02-24T14:00,0.1
1311,2022-02-24T15:00,0.0
1312,2022-02-24T16:00,0.0
1313,2022-02-24T17:00,0.0
1314,2022-02-24T18:00,0.0
1315,2022-02-24T19:00,0.0
1316,2022-02-24T20:00,0.0
1317,2022-02-24T21:00,0.0
1318,2022-02-24T22:00,0.0
1319,2022-02-24T23:00,0.0
1320,2022-02-25T00:00,0.0
1321,2022-02-25T01:00,0.0
1322,2022-02-25T02:00,0.0
1323,2022-02-25T03:00,0.0
1324,2022-02-25T04:00,0.0
1325,2022-02-25T05:00,0.0
1326,2022-02-25T06:00,0.0
1327,2022-02-25T07:00,0.0
1328,2022-02-25T08:00,0.0
1329,2022-02-25T09:00,0.0
1330,2022-02-25T10:00,0.0
1331,2022-02-25T11:00,0.0
1332,2022-02-25T12:00,0.0
1333,2022-02-25T13:00,0.0
1334,2022-02-25T14:00,0.0
1335,2022-02-25T15:00,0.0
1336,2022-02-25T16:00,0.0
1337,2022-02-25T17:00,0.0
1338,2022-02-25T18:00,0.0
1339,2022-02-25T19:00,0.0
1340,2022-02-25T20:00,0.0
1341,2022-02-25T21:00,0.0
1342,2022-02-25T22:00,0.0
1343,2022-02-25T23:00,0.0
1344,2022-02-26T00:00,0.0
1345,2022-02-26T01:00,0.0
1346,2022-02-26T02:00,0.0
1347,2022-02-26T03:00,0.0
1348,2022-02-26T04:00,0.0
1349,2022-02-26T05:00,0.0
1350,2022-02-26T06:00,0.0
1351,2022-02-26T07:00,0.0
1352,2022-02-26T08:00,0.0
1353,2022-02-26T09:00,0.0
1354,2022-02-26T10:00,0.0
1355,2022-02-26T11:00,0.0
1356,2022-02-26T12:00,0.0
1357,2022-02-26T13:00,0.0
1358,2022-02-26T14:00,0.0
1359,2022-02-26T15:00,0.0
1360,2022-02-26T16:00,0.0
1361,2022-02-26T17:00,0.0
1362,2022-02-26T18:00,0.0
1363,2022-02-26T19:00,0.0
1364,2022-02-26T20:00,0.0
1365,2022-02-26T21:00,0.0
1366,2022-02-26T22:00,0.0
1367,2022-02-26T23:00,0.0
1368,2022-02-27T00:00,0.0
1369,2022-02-27T01:00,0.0
1370,2022-02-27T02:00,0.0
1371,2022-02-27T03:00,0.0
1372,2022-02-27T04:00,0.0
1373,2022-02-27T05:00,0.0
1374,2022-02-27T06:00,0.0
1375,2022-02-27T07:00,0.0
1376,2022-02-27T08:00,0.0
1377,2022-02-27T09:00,0.0
1378,2022-02-27T10:00,0.0
1379,2022-02-27T11:00,0.0
1380,2022-02-27T12:00,0.0
1381,2022-02-27T13:00,0.0
1382,2022-02-27T14:00,0.0
1383,2022-02-27T15:00,0.0
1384,2022-02-27T16:00,0.0
1385,2022-02-27T17:00,0.0
1386,2022-02-27T18:00,0.0
1387,2022-02-27T19:00,0.0
1388,2022-02-27T20:00,0.0
1389,2022-02-27T21:00,0.0
1390,2022-02-27T22:00,0.0
1391,2022-02-27T23:00,0.0
1392,2022-02-28T00:00,0.0
1393,2022-02-28T01:00,0.0
1394,2022-02-28T02:00,0.0
1395,2022-02-28T03:00,0.0
1396,2022-02-28T04:00,0.0
1397,2022-02-28T05:00,0.0
1398,2022-02-28T06:00,0.0
1399,2022-02-28T07:00,0.0
1400,2022-02-28T08:00,0.0
1401,2022-02-28T09:00,0.0
1402,2022-02-28T10:00,0.0
1403,2022-02-28T11:00,0.0
1404,2022-02-28T12:00,0.0
1405,2022-02-28T13:00,0.0
1406,2022-02-28T14:00,0.0
1407,2022-02-28T15:00,0.0
1408,2022-02-28T16:00,0.0
1409,2022-02-28T17:00,0.0
1410,2022-02-28T18:00,0.0
1411,2022-02-28T19:00,0.0
1412,2022-02-28T20:00,0.3
1413,2022-02-28T21:00,0.4
1414,2022-02-28T22:00,1.0
1415,2022-02-28T23:00,1.3
1416,2022-03-01T00:00,0.5
1417,2022-03-01T01:00,0.1
1418,2022-03-01T02:00,0.6
1419,2022-03-01T03:00,1.4
1420,2022-03-01T04:00,0.9
1421,2022-03-01T05:00,0.9
1422,2022-03-01T06:00,0.8
1423,2022-03-01T07:00,0.1
1424,2022-03-01T08:00,0.1
1425,2022-03-01T09:00,0.2
1426,2022-03-01T10:00,0.1
1427,2022-03-01T11:00,0.1
1428,2022-03-01T12:00,0.1
1429,2022-03-01T13:00,0.1
1430,2022-03-01T14:00,0.1
1431,2022-03-01T15:00,0.0
1432,2022-03-01T16:00,0.2
1433,2022-03-01T17:00,0.3
1434,2022-03-01T18:00,0.3
1435,2022-03-01T19:00,0.5
1436,2022-03-01T20:00,0.8
1437,2022-03-01T21:00,0.7
1438,2022-03-01T22:00,0.4
1439,2022-03-01T23:00,0.5
1440,2022-03-02T00:00,0.9
1441,2022-03-02T01:00,0.8
1442,2022-03-02T02:00,0.7
1443,2022-03-02T03:00,0.7
1444,2022-03-02T04:00,0.7
1445,2022-03-02T05:00,0.9
1446,2022-03-02T06:00,0.6
1447,2022-03-02T07:00,0.3
1448,2022-03-02T08:00,0.3
1449,2022-03-02T09:00,0.1
1450,2022-03-02T10:00,0.5
1451,2022-03-02T11:00,0.7
1452,2022-03-02T12:00,0.3
1453,2022-03-02T13:00,0.2
1454,2022-03-02T14:00,0.9
1455,2022-03-02T15:00,0.5
1456,2022-03-02T16:00,0.1
1457,2022-03-02T17:00,0.0
1458,2022-03-02T18:00,0.0
1459,2022-03-02T19:00,0.0
1460,2022-03-02T20:00,0.0
1461,2022-03-02T21:00,0.0
1462,2022-03-02T22:00,0.0
1463,2022-03-02T23:00,0.0
1464,2022-03-03T00:00,0.0
1465,2022-03-03T01:00,0.0
1466,2022-03-03T02:00,0.0
1467,2022-03-03T03:00,0.0
1468,2022-03-03T04:00,0.0
1469,2022-03-03T05:00,0.0
1470,2022-03-03T06:00,0.0
1471,2022-03-03T07:00,0.0
1472,2022-03-03T08:00,0.0
1473,2022-03-03T09:00,0.0
1474,2022-03-03T10:00,0.0
1475,2022-03-03T11:00,0.0
1476,2022-03-03T12:00,0.0
1477,2022-03-03T13:00,0.1
1478,2022-03-03T14:00,0.0
1479,2022-03-03T15:00,0.0
1480,2022-03-03T16:00,0.0
1481,2022-03-03T17:00,0.0
1482,2022-03-03T18:00,0.0
1483,2022-03-03T19:00,0.0
1484,2022-03-03T20:00,0.0
1485,2022-03-03T21:00,0.0
1486,2022-03-03T22:00,0.0
1487,2022-03-03T23:00,0.0
1488,2022-03-04T00:00,0.2
1489,2022-03-04T01:00,0.2
1490,2022-03-04T02:00,0.1
1491,2022-03-04T03:00,0.0
1492,2022-03-04T04:00,0.0
1493,2022-03-04T05:00,0.0
1494,2022-03-04T06:00,0.0
1495,2022-03-04T07:00,0.0
1496,2022-03-04T08:00,0.0
1497,2022-03-04T09:00,0.0
1498,2022-03-04T10:00,0.0
1499,2022-03-04T11:00,0.0
1500,2022-03-04T12:00,0.0
1501,2022-03-04T13:00,0.0
1502,2022-03-04T14:00,0.1
1503,2022-03-04T15:00,0.1
1504,2022-03-04T16:00,0.3
1505,2022-03-04T17:00,0.4
1506,2022-03-04T18:00,0.5
1507,2022-03-04T19:00,0.3
1508,2022-03-04T20:00,0.1
1509,2022-03-04T21:00,0.0
1510,2022-03-04T22:00,0.0
1511,2022-03-04T23:00,0.0
1512,2022-03-05T00:00,0.0
1513,2022-03-05T01:00,0.0
1514,2022-03-05T02:00,0.1
1515,2022-03-05T03:00,0.1
1516,2022-03-05T04:00,0.0
1517,2022-03-05T05:00,0.0
1518,2022-03-05T06:00,0.0
1519,2022-03-05T07:00,0.0
1520,2022-03-05T08:00,0.0
1521,2022-03-05T09:00,0.0
1522,2022-03-05T10:00,0.0
1523,2022-03-05T11:00,0.0
1524,2022-03-05T12:00,0.0
1525,2022-03-05T13:00,0.0
1526,2022-03-05T14:00,0.0
1527,2022-03-05T15:00,0.0
1528,2022-03-05T16:00,0.0
1529,2022-03-05T17:00,0.0
1530,2022-03-05T18:00,0.0
1531,2022-03-05T19:00,0.0
1532,2022-03-05T20:00,0.1
1533,2022-03-05T21:00,0.5
1534,2022-03-05T22:00,0.3
1535,2022-03-05T23:00,0.3
1536,2022-03-06T00:00,0.1
1537,2022-03-06T01:00,0.0
1538,2022-03-06T02:00,0.0
1539,2022-03-06T03:00,0.0
1540,2022-03-06T04:00,0.0
1541,2022-03-06T05:00,0.0
1542,2022-03-06T06:00,0.0
1543,2022-03-06T07:00,0.0
1544,2022-03-06T08:00,0.0
1545,2022-03-06T09:00,0.0
1546,2022-03-06T10:00,0.0
1547,2022-03-06T11:00,0.1
1548,2022-03-06T12:00,0.0
1549,2022-03-06T13:00,0.0
1550,2022-03-06T14:00,0.1
1551,2022-03-06T15:00,0.0
1552,2022-03-06T16:00,0.0
1553,2022-03-06T17:00,0.0
1554,2022-03-06T18:00,0.0
1555,2022-03-06T19:00,0.0
1556,2022-03-06T20:00,0.0
1557,2022-03-06T21:00,0.0
1558,2022-03-06T22:00,0.0
1559,2022-03-06T23:00,0.0
1560,2022-03-07T00:00,0.0
1561,2022-03-07T01:00,0.0
1562,2022-03-07T02:00,0.0
1563,2022-03-07T03:00,0.0
1564,2022-03-07T04:00,0.0
1565,2022-03-07T05:00,0.0
1566,2022-03-07T06:00,0.0
1567,2022-03-07T07:00,0.0
1568,2022-03-07T08:00,0.0
1569,2022-03-07T09:00,0.0
1570,2022-03-07T10:00,0.0
1571,2022-03-07T11:00,0.0
1572,2022-03-07T12:00,0.0
1573,2022-03-07T13:00,0.0
1574,2022-03-07T14:00,0.0
1575,2022-03-07T15:00,0.0
1576,2022-03-07T16:00,0.0
1577,2022-03-07T17:00,0.0
1578,2022-03-07T18:00,0.0
1579,2022-03-07T19:00,0.0
1580,2022-03-07T20:00,0.0
1581,2022-03-07T21:00,0.0
1582,2022-03-07T22:00,0.0
1583,2022-03-07T23:00,0.0
1584,2022-03-08T00:00,0.0
1585,2022-03-08T01:00,0.0
1586,2022-03-08T02:00,0.0
1587,2022-03-08T03:00,0.0
1588,2022-03-08T04:00,0.0
1589,2022-03-08T05:00,0.0
1590,2022-03-08T06:00,0.0
1591,2022-03-08T07:00,0.0
1592,2022-03-08T08:00,0.0
1593,2022-03-08T09:00,0.0
1594,2022-03-08T10:00,0.0
1595,2022-03-08T11:00,0.0
1596,2022-03-08T12:00,0.0
1597,2022-03-08T13:00,0.0
1598,2022-03-08T14:00,0.0
1599,2022-03-08T15:00,0.0
1600,2022-03-08T16:00,0.0
1601,2022-03-08T17:00,0.0
1602,2022-03-08T18:00,0.0
1603,2022-03-08T19:00,0.0
1604,2022-03-08T20:00,0.0
1605,2022-03-08T21:00,0.0
1606,2022-03-08T22:00,0.0
1607,2022-03-08T23:00,0.0
1608,2022-03-09T00:00,0.0
1609,2022-03-09T01:00,0.0
1610,2022-03-09T02:00,0.0
1611,2022-03-09T03:00,0.0
1612,2022-03-09T04:00,0.0
1613,2022-03-09T05:00,0.0
1614,2022-03-09T06:00,0.0
1615,2022-03-09T07:00,0.0
1616,2022-03-09T08:00,0.0
1617,2022-03-09T09:00,0.0
1618,2022-03-09T10:00,0.0
1619,2022-03-09T11:00,0.1
1620,2022-03-09T12:00,0.0
1621,2022-03-09T13:00,0.0
1622,2022-03-09T14:00,0.0
1623,2022-03-09T15:00,0.0
1624,2022-03-09T16:00,0.0
1625,2022-03-09T17:00,0.0
1626,2022-03-09T18:00,0.0
1627,2022-03-09T19:00,0.0
1628,2022-03-09T20:00,0.0
1629,2022-03-09T21:00,0.0
1630,2022-03-09T22:00,0.0
1631,2022-03-09T23:00,0.0
1632,2022-03-10T00:00,0.0
1633,2022-03-10T01:00,0.0
1634,2022-03-10T02:00,0.0
1635,2022-03-10T03:00,0.0
1636,2022-03-10T04:00,0.0
1637,2022-03-10T05:00,0.0
1638,2022-03-10T06:00,0.0
1639,2022-03-10T07:00,0.0
1640,2022-03-10T08:00,0.0
1641,2022-03-10T09:00,0.0
1642,2022-03-10T10:00,0.0
1643,2022-03-10T11:00,0.0
1644,2022-03-10T12:00,0.0
1645,2022-03-10T13:00,0.0
1646,2022-03-10T14:00,0.0
1647,2022-03-10T15:00,0.0
1648,2022-03-10T16:00,0.0
1649,2022-03-10T17:00,0.0
1650,2022-03-10T18:00,0.0
1651,2022-03-10T19:00,0.0
1652,2022-03-10T20:00,0.0
1653,2022-03-10T21:00,0.0
1654,2022-03-10T22:00,0.0
1655,2022-03-10T23:00,0.0
1656,2022-03-11T00:00,0.0
1657,2022-03-11T01:00,0.0
1658,2022-03-11T02:00,0.0
1659,2022-03-11T03:00,0.0
1660,2022-03-11T04:00,0.0
1661,2022-03-11T05:00,0.0
1662,2022-03-11T06:00,0.0
1663,2022-03-11T07:00,0.0
1664,2022-03-11T08:00,0.0
1665,2022-03-11T09:00,0.0
1666,2022-03-11T10:00,0.0
1667,2022-03-11T11:00,0.0
1668,2022-03-11T12:00,0.0
1669,2022-03-11T13:00,0.1
1670,2022-03-11T14:00,0.1
1671,2022-03-11T15:00,0.2
1672,2022-03-11T16:00,1.3
1673,2022-03-11T17:00,1.0
1674,2022-03-11T18:00,0.1
1675,2022-03-11T19:00,0.1
1676,2022-03-11T20:00,0.0
1677,2022-03-11T21:00,0.0
1678,2022-03-11T22:00,0.0
1679,2022-03-11T23:00,0.3
1680,2022-03-12T00:00,0.1
1681,2022-03-12T01:00,0.0
1682,2022-03-12T02:00,1.2
1683,2022-03-12T03:00,0.1
1684,2022-03-12T04:00,0.0
1685,2022-03-12T05:00,0.0
1686,2022-03-12T06:00,0.0
1687,2022-03-12T07:00,0.0
1688,2022-03-12T08:00,0.0
1689,2022-03-12T09:00,0.0
1690,2022-03-12T10:00,0.0
1691,2022-03-12T11:00,0.0
1692,2022-03-12T12:00,0.1
1693,2022-03-12T13:00,0.1
1694,2022-03-12T14:00,0.0
1695,2022-03-12T15:00,0.0
1696,2022-03-12T16:00,0.0
1697,2022-03-12T17:00,0.0
1698,2022-03-12T18:00,0.0
1699,2022-03-12T19:00,0.0
1700,2022-03-12T20:00,0.0
1701,2022-03-12T21:00,0.0
1702,2022-03-12T22:00,0.0
1703,2022-03-12T23:00,0.0
1704,2022-03-13T00:00,0.0
1705,2022-03-13T01:00,0.0
1706,2022-03-13T02:00,0.0
1707,2022-03-13T03:00,0.0
1708,2022-03-13T04:00,0.0
1709,2022-03-13T05:00,0.0
1710,2022-03-13T06:00,0.0
1711,2022-03-13T07:00,0.3
1712,2022-03-13T08:00,0.3
1713,2022-03-13T09:00,0.0
1714,2022-03-13T10:00,0.2
1715,2022-03-13T11:00,0.1
1716,2022-03-13T12:00,0.0
1717,2022-03-13T13:00,0.1
1718,2022-03-13T14:00,0.4
1719,2022-03-13T15:00,0.2
1720,2022-03-13T16:00,0.1
1721,2022-03-13T17:00,0.0
1722,2022-03-13T18:00,0.0
1723,2022-03-13T19:00,0.0
1724,2022-03-13T20:00,0.0
1725,2022-03-13T21:00,0.0
1726,2022-03-13T22:00,0.0
1727,2022-03-13T23:00,0.0
1728,2022-03-14T00:00,0.0
1729,2022-03-14T01:00,0.0
1730,2022-03-14T02:00,0.0
1731,2022-03-14T03:00,0.0
1732,2022-03-14T04:00,0.0
1733,2022-03-14T05:00,0.0
1734,2022-03-14T06:00,0.0
1735,2022-03-14T07:00,0.0
1736,2022-03-14T08:00,0.0
1737,2022-03-14T09:00,0.0
1738,2022-03-14T10:00,0.0
1739,2022-03-14T11:00,0.0
1740,2022-03-14T12:00,0.0
1741,2022-03-14T13:00,0.0
1742,2022-03-14T14:00,0.1
1743,2022-03-14T15:00,0.1
1744,2022-03-14T16:00,0.0
1745,2022-03-14T17:00,0.9
1746,2022-03-14T18:00,0.1
1747,2022-03-14T19:00,0.0
1748,2022-03-14T20:00,0.0
1749,2022-03-14T21:00,0.0
1750,2022-03-14T22:00,0.0
1751,2022-03-14T23:00,0.0
1752,2022-03-15T00:00,0.0
1753,2022-03-15T01:00,0.0
1754,2022-03-15T02:00,0.0
1755,2022-03-15T03:00,0.0
1756,2022-03-15T04:00,0.0
1757,2022-03-15T05:00,0.0
1758,2022-03-15T06:00,0.0
1759,2022-03-15T07:00,0.0
1760,2022-03-15T08:00,0.0
1761,2022-03-15T09:00,0.0
1762,2022-03-15T10:00,0.0
1763,2022-03-15T11:00,0.0
1764,2022-03-15T12:00,0.0
1765,2022-03-15T13:00,0.0
1766,2022-03-15T14:00,0.0
1767,2022-03-15T15:00,0.0
1768,2022-03-15T16:00,0.0
1769,2022-03-15T17:00,0.0
1770,2022-03-15T18:00,0.0
1771,2022-03-15T19:00,0.0
1772,2022-03-15T20:00,0.0
1773,2022-03-15T21:00,0.0
1774,2022-03-15T22:00,0.0
1775,2022-03-15T23:00,0.0
1776,2022-03-16T00:00,0.0
1777,2022-03-16T01:00,0.0
1778,2022-03-16T02:00,0.0
1779,2022-03-16T03:00,0.0
1780,2022-03-16T04:00,0.0
1781,2022-03-16T05:00,0.0
1782,2022-03-16T06:00,0.0
1783,2022-03-16T07:00,0.0
1784,2022-03-16T08:00,0.0
1785,2022-03-16T09:00,0.6
1786,2022-03-16T10:00,0.3
1787,2022-03-16T11:00,0.2
1788,2022-03-16T12:00,0.0
1789,2022-03-16T13:00,0.1
1790,2022-03-16T14:00,1.0
1791,2022-03-16T15:00,0.8
1792,2022-03-16T16:00,1.4
1793,2022-03-16T17:00,1.9
1794,2022-03-16T18:00,1.8
1795,2022-03-16T19:00,1.1
1796,2022-03-16T20:00,0.8
1797,2022-03-16T21:00,0.3
1798,2022-03-16T22:00,0.4
1799,2022-03-16T23:00,0.0
1800,2022-03-17T00:00,0.0
1801,2022-03-17T01:00,0.0
1802,2022-03-17T02:00,0.0
1803,2022-03-17T03:00,0.0
1804,2022-03-17T04:00,0.0
1805,2022-03-17T05:00,0.0
1806,2022-03-17T06:00,0.0
1807,2022-03-17T07:00,0.0
1808,2022-03-17T08:00,0.0
1809,2022-03-17T09:00,0.0
1810,2022-03-17T10:00,0.0
1811,2022-03-17T11:00,0.0
1812,2022-03-17T12:00,0.0
1813,2022-03-17T13:00,0.0
1814,2022-03-17T14:00,0.0
1815,2022-03-17T15:00,0.0
1816,2022-03-17T16:00,0.0
1817,2022-03-17T17:00,0.0
1818,2022-03-17T18:00,0.0
1819,2022-03-17T19:00,0.0
1820,2022-03-17T20:00,0.0
1821,2022-03-17T21:00,0.0
1822,2022-03-17T22:00,0.0
1823,2022-03-17T23:00,0.0
1824,2022-03-18T00:00,0.0
1825,2022-03-18T01:00,0.0
1826,2022-03-18T02:00,0.0
1827,2022-03-18T03:00,0.0
1828,2022-03-18T04:00,0.0
1829,2022-03-18T05:00,0.0
1830,2022-03-18T06:00,0.0
1831,2022-03-18T07:00,0.0
1832,2022-03-18T08:00,0.0
1833,2022-03-18T09:00,0.0
1834,2022-03-18T10:00,0.0
1835,2022-03-18T11:00,0.0
1836,2022-03-18T12:00,0.0
1837,2022-03-18T13:00,0.0
1838,2022-03-18T14:00,0.0
1839,2022-03-18T15:00,0.0
1840,2022-03-18T16:00,0.0
1841,2022-03-18T17:00,0.0
1842,2022-03-18T18:00,0.0
1843,2022-03-18T19:00,0.0
1844,2022-03-18T20:00,0.0
1845,2022-03-18T21:00,0.0
1846,2022-03-18T22:00,0.0
1847,2022-03-18T23:00,0.0
1848,2022-03-19T00:00,0.0
1849,2022-03-19T01:00,0.0
1850,2022-03-19T02:00,0.0
1851,2022-03-19T03:00,0.0
1852,2022-03-19T04:00,0.0
1853,2022-03-19T05:00,0.0
1854,2022-03-19T06:00,0.0
1855,2022-03-19T07:00,0.0
1856,2022-03-19T08:00,0.0
1857,2022-03-19T09:00,0.0
1858,2022-03-19T10:00,0.0
1859,2022-03-19T11:00,0.0
1860,2022-03-19T12:00,0.0
1861,2022-03-19T13:00,0.0
1862,2022-03-19T14:00,0.0
1863,2022-03-19T15:00,0.0
1864,2022-03-19T16:00,0.0
1865,2022-03-19T17:00,0.0
1866,2022-03-19T18:00,0.0
1867,2022-03-19T19:00,0.0
1868,2022-03-19T20:00,0.0
1869,2022-03-19T21:00,0.0
1870,2022-03-19T22:00,0.0
1871,2022-03-19T23:00,0.0
1872,2022-03-20T00:00,0.0
1873,2022-03-20T01:00,0.0
1874,2022-03-20T02:00,0.0
1875,2022-03-20T03:00,0.0
1876,2022-03-20T04:00,0.0
1877,2022-03-20T05:00,0.0
1878,2022-03-20T06:00,0.0
1879,2022-03-20T07:00,0.0
1880,2022-03-20T08:00,0.0
1881,2022-03-20T09:00,0.0
1882,2022-03-20T10:00,0.0
1883,2022-03-20T11:00,0.0
1884,2022-03-20T12:00,0.0
1885,2022-03-20T13:00,0.0
1886,2022-03-20T14:00,0.1
1887,2022-03-20T15:00,0.0
1888,2022-03-20T16:00,0.0
1889,2022-03-20T17:00,0.0
1890,2022-03-20T18:00,0.0
1891,2022-03-20T19:00,0.0
1892,2022-03-20T20:00,0.0
1893,2022-03-20T21:00,0.0
1894,2022-03-20T22:00,0.0
1895,2022-03-20T23:00,0.0
1896,2022-03-21T00:00,0.0
1897,2022-03-21T01:00,0.0
1898,2022-03-21T02:00,0.0
1899,2022-03-21T03:00,0.0
1900,2022-03-21T04:00,0.0
1901,2022-03-21T05:00,0.0
1902,2022-03-21T06:00,0.0
1903,2022-03-21T07:00,0.0
1904,2022-03-21T08:00,0.0
1905,2022-03-21T09:00,0.0
1906,2022-03-21T10:00,0.0
1907,2022-03-21T11:00,0.0
1908,2022-03-21T12:00,0.0
1909,2022-03-21T13:00,0.0
1910,2022-03-21T14:00,0.0
1911,2022-03-21T15:00,0.0
1912,2022-03-21T16:00,0.0
1913,2022-03-21T17:00,0.0
1914,2022-03-21T18:00,0.0
1915,2022-03-21T19:00,0.0
1916,2022-03-21T20:00,0.0
1917,2022-03-21T21:00,0.0
1918,2022-03-21T22:00,0.0
1919,2022-03-21T23:00,0.0
1920,2022-03-22T00:00,0.0
1921,2022-03-22T01:00,0.1
1922,2022-03-22T02:00,0.0
1923,2022-03-22T03:00,0.0
1924,2022-03-22T04:00,0.0
1925,2022-03-22T05:00,0.0
1926,2022-03-22T06:00,0.0
1927,2022-03-22T07:00,0.0
1928,2022-03-22T08:00,0.0
1929,2022-03-22T09:00,0.0
1930,2022-03-22T10:00,0.0
1931,2022-03-22T11:00,0.0
1932,2022-03-22T12:00,0.0
1933,2022-03-22T13:00,0.0
1934,2022-03-22T14:00,0.0
1935,2022-03-22T15:00,0.0
1936,2022-03-22T16:00,0.0
1937,2022-03-22T17:00,0.0
1938,2022-03-22T18:00,0.0
1939,2022-03-22T19:00,0.0
1940,2022-03-22T20:00,0.0
1941,2022-03-22T21:00,0.0
1942,2022-03-22T22:00,0.0
1943,2022-03-22T23:00,0.0
1944,2022-03-23T00:00,0.0
1945,2022-03-23T01:00,0.0
1946,2022-03-23T02:00,0.0
1947,2022-03-23T03:00,0.0
1948,2022-03-23T04:00,0.0
1949,2022-03-23T05:00,0.0
1950,2022-03-23T06:00,0.0
1951,2022-03-23T07:00,0.0
1952,2022-03-23T08:00,0.0
1953,2022-03-23T09:00,0.0
1954,2022-03-23T10:00,0.0
1955,2022-03-23T11:00,0.0
1956,2022-03-23T12:00,0.0
1957,2022-03-23T13:00,0.0
1958,2022-03-23T14:00,0.0
1959,2022-03-23T15:00,0.0
1960,2022-03-23T16:00,0.0
1961,2022-03-23T17:00,0.0
1962,2022-03-23T18:00,0.0
1963,2022-03-23T19:00,0.0
1964,2022-03-23T20:00,0.0
1965,2022-03-23T21:00,0.0
1966,2022-03-23T22:00,0.0
1967,2022-03-23T23:00,0.0
1968,2022-03-24T00:00,0.0
1969,2022-03-24T01:00,0.0
1970,2022-03-24T02:00,0.0
1971,2022-03-24T03:00,0.0
1972,2022-03-24T04:00,0.0
1973,2022-03-24T05:00,0.0
1974,2022-03-24T06:00,0.0
1975,2022-03-24T07:00,0.0
1976,2022-03-24T08:00,0.0
1977,2022-03-24T09:00,0.0
1978,2022-03-24T10:00,0.0
1979,2022-03-24T11:00,0.0
1980,2022-03-24T12:00,0.0
1981,2022-03-24T13:00,0.0
1982,2022-03-24T14:00,0.0
1983,2022-03-24T15:00,0.0
1984,2022-03-24T16:00,0.0
1985,2022-03-24T17:00,0.0
1986,2022-03-24T18:00,0.0
1987,2022-03-24T19:00,0.0
1988,2022-03-24T20:00,0.0
1989,2022-03-24T21:00,0.0
1990,2022-03-24T22:00,0.0
1991,2022-03-24T23:00,0.0
1992,2022-03-25T00:00,0.0
1993,2022-03-25T01:00,0.0
1994,2022-03-25T02:00,0.0
1995,2022-03-25T03:00,0.0
1996,2022-03-25T04:00,0.0
1997,2022-03-25T05:00,0.0
1998,2022-03-25T06:00,0.0
1999,2022-03-25T07:00,0.0
2000,2022-03-25T08:00,0.0
2001,2022-03-25T09:00,0.0
2002,2022-03-25T10:00,0.0
2003,2022-03-25T11:00,0.0
2004,2022-03-25T12:00,0.0
2005,2022-03-25T13:00,0.0
2006,2022-03-25T14:00,0.0
2007,2022-03-25T15:00,0.0
2008,2022-03-25T16:00,0.0
2009,2022-03-25T17:00,0.0
2010,2022-03-25T18:00,0.0
2011,2022-03-25T19:00,0.0
2012,2022-03-25T20:00,0.0
2013,2022-03-25T21:00,0.0
2014,2022-03-25T22:00,0.0
2015,2022-03-25T23:00,0.0
2016,2022-03-26T00:00,0.0
2017,2022-03-26T01:00,0.0
2018,2022-03-26T02:00,0.0
2019,2022-03-26T03:00,0.0
2020,2022-03-26T04:00,0.0
2021,2022-03-26T05:00,0.0
2022,2022-03-26T06:00,0.0
2023,2022-03-26T07:00,0.0
2024,2022-03-26T08:00,0.0
2025,2022-03-26T09:00,0.0
2026,2022-03-26T10:00,0.0
2027,2022-03-26T11:00,0.0
2028,2022-03-26T12:00,0.0
2029,2022-03-26T13:00,0.0
2030,2022-03-26T14:00,0.0
2031,2022-03-26T15:00,0.0
2032,2022-03-26T16:00,0.0
2033,2022-03-26T17:00,0.0
2034,2022-03-26T18:00,0.0
2035,2022-03-26T19:00,0.0
2036,2022-03-26T20:00,0.0
2037,2022-03-26T21:00,0.0
2038,2022-03-26T22:00,0.0
2039,2022-03-26T23:00,0.0
2040,2022-03-27T00:00,0.0
2041,2022-03-27T01:00,0.0
2042,2022-03-27T02:00,0.0
2043,2022-03-27T03:00,0.0
2044,2022-03-27T04:00,0.0
2045,2022-03-27T05:00,0.0
2046,2022-03-27T06:00,0.0
2047,2022-03-27T07:00,0.0
2048,2022-03-27T08:00,0.0
2049,2022-03-27T09:00,0.0
2050,2022-03-27T10:00,0.0
2051,2022-03-27T11:00,0.0
2052,2022-03-27T12:00,0.0
2053,2022-03-27T13:00,0.0
2054,2022-03-27T14:00,0.0
2055,2022-03-27T15:00,0.0
2056,2022-03-27T16:00,0.0
2057,2022-03-27T17:00,0.0
2058,2022-03-27T18:00,0.0
2059,2022-03-27T19:00,0.0
2060,2022-03-27T20:00,0.0
2061,2022-03-27T21:00,0.0
2062,2022-03-27T22:00,0.0
2063,2022-03-27T23:00,0.0
2064,2022-03-28T00:00,0.0
2065,2022-03-28T01:00,0.0
2066,2022-03-28T02:00,0.0
2067,2022-03-28T03:00,0.0
2068,2022-03-28T04:00,0.0
2069,2022-03-28T05:00,0.0
2070,2022-03-28T06:00,0.0
2071,2022-03-28T07:00,0.0
2072,2022-03-28T08:00,0.0
2073,2022-03-28T09:00,0.0
2074,2022-03-28T10:00,0.0
2075,2022-03-28T11:00,0.0
2076,2022-03-28T12:00,0.0
2077,2022-03-28T13:00,0.0
2078,2022-03-28T14:00,0.0
2079,2022-03-28T15:00,0.0
2080,2022-03-28T16:00,0.0
2081,2022-03-28T17:00,0.0
2082,2022-03-28T18:00,0.0
2083,2022-03-28T19:00,0.0
2084,2022-03-28T20:00,0.0
2085,2022-03-28T21:00,0.0
2086,2022-03-28T22:00,0.1
2087,2022-03-28T23:00,0.0
2088,2022-03-29T00:00,0.1
2089,2022-03-29T01:00,0.0
2090,2022-03-29T02:00,0.0
2091,2022-03-29T03:00,0.0
2092,2022-03-29T04:00,0.0
2093,2022-03-29T05:00,0.1
2094,2022-03-29T06:00,0.0
2095,2022-03-29T07:00,0.0
2096,2022-03-29T08:00,0.0
2097,2022-03-29T09:00,0.0
2098,2022-03-29T10:00,0.0
2099,2022-03-29T11:00,0.0
2100,2022-03-29T12:00,0.0
2101,2022-03-29T13:00,0.0
2102,2022-03-29T14:00,0.0
2103,2022-03-29T15:00,0.0
2104,2022-03-29T16:00,0.0
2105,2022-03-29T17:00,0.0
2106,2022-03-29T18:00,0.0
2107,2022-03-29T19:00,0.0
2108,2022-03-29T20:00,0.0
2109,2022-03-29T21:00,0.0
2110,2022-03-29T22:00,0.1
2111,2022-03-29T23:00,0.0
2112,2022-03-30T00:00,0.0
2113,2022-03-30T01:00,0.0
2114,2022-03-30T02:00,0.7
2115,2022-03-30T03:00,1.3
2116,2022-03-30T04:00,0.3
2117,2022-03-30T05:00,0.1
2118,2022-03-30T06:00,0.1
2119,2022-03-30T07:00,0.0
2120,2022-03-30T08:00,0.0
2121,2022-03-30T09:00,0.0
2122,2022-03-30T10:00,0.1
2123,2022-03-30T11:00,0.2
2124,2022-03-30T12:00,0.0
2125,2022-03-30T13:00,0.0
2126,2022-03-30T14:00,0.0
2127,2022-03-30T15:00,0.3
2128,2022-03-30T16:00,0.0
2129,2022-03-30T17:00,0.2
2130,2022-03-30T18:00,0.0
2131,2022-03-30T19:00,0.0
2132,2022-03-30T20:00,0.0
2133,2022-03-30T21:00,0.0
2134,2022-03-30T22:00,0.0
2135,2022-03-30T23:00,0.0
2136,2022-03-31T00:00,0.1
2137,2022-03-31T01:00,0.1
2138,2022-03-31T02:00,0.1
2139,2022-03-31T03:00,0.0
2140,2022-03-31T04:00,0.0
2141,2022-03-31T05:00,0.0
2142,2022-03-31T06:00,0.0
2143,2022-03-31T07:00,0.0
2144,2022-03-31T08:00,0.0
2145,2022-03-31T09:00,0.0
2146,2022-03-31T10:00,0.0
2147,2022-03-31T11:00,0.1
2148,2022-03-31T12:00,0.0
2149,2022-03-31T13:00,0.0
2150,2022-03-31T14:00,0.0
2151,2022-03-31T15:00,0.0
2152,2022-03-31T16:00,0.1
2153,2022-03-31T17:00,0.1
2154,2022-03-31T18:00,0.0
2155,2022-03-31T19:00,0.1
2156,2022-03-31T20:00,0.0
2157,2022-03-31T21:00,0.0
2158,2022-03-31T22:00,0.0
2159,2022-03-31T23:00,0.0
2160,2022-04-01T00:00,0.0
2161,2022-04-01T01:00,0.0
2162,2022-04-01T02:00,0.0
2163,2022-04-01T03:00,0.0
2164,2022-04-01T04:00,0.0
2165,2022-04-01T05:00,0.0
2166,2022-04-01T06:00,0.0
2167,2022-04-01T07:00,0.0
2168,2022-04-01T08:00,0.0
2169,2022-04-01T09:00,0.0
2170,2022-04-01T10:00,0.0
2171,2022-04-01T11:00,0.2
2172,2022-04-01T12:00,0.2
2173,2022-04-01T13:00,0.1
2174,2022-04-01T14:00,0.0
2175,2022-04-01T15:00,0.4
2176,2022-04-01T16:00,0.2
2177,2022-04-01T17:00,0.8
2178,2022-04-01T18:00,0.5
2179,2022-04-01T19:00,0.0
2180,2022-04-01T20:00,0.0
2181,2022-04-01T21:00,0.0
2182,2022-04-01T22:00,0.0
2183,2022-04-01T23:00,0.0
2184,2022-04-02T00:00,0.0
2185,2022-04-02T01:00,0.0
2186,2022-04-02T02:00,0.0
2187,2022-04-02T03:00,0.0
2188,2022-04-02T04:00,0.0
2189,2022-04-02T05:00,0.0
2190,2022-04-02T06:00,0.0
2191,2022-04-02T07:00,0.0
2192,2022-04-02T08:00,0.0
2193,2022-04-02T09:00,0.0
2194,2022-04-02T10:00,0.0
2195,2022-04-02T11:00,0.0
2196,2022-04-02T12:00,0.0
2197,2022-04-02T13:00,0.0
2198,2022-04-02T14:00,0.1
2199,2022-04-02T15:00,0.1
2200,2022-04-02T16:00,0.4
2201,2022-04-02T17:00,0.1
2202,2022-04-02T18:00,0.1
2203,2022-04-02T19:00,0.0
2204,2022-04-02T20:00,0.0
2205,2022-04-02T21:00,0.0
2206,2022-04-02T22:00,0.0
2207,2022-04-02T23:00,0.0
2208,2022-04-03T00:00,0.0
2209,2022-04-03T01:00,0.0
2210,2022-04-03T02:00,0.0
2211,2022-04-03T03:00,0.0
2212,2022-04-03T04:00,0.0
2213,2022-04-03T05:00,0.0
2214,2022-04-03T06:00,0.0
2215,2022-04-03T07:00,0.0
2216,2022-04-03T08:00,0.0
2217,2022-04-03T09:00,0.0
2218,2022-04-03T10:00,0.1
2219,2022-04-03T11:00,0.0
2220,2022-04-03T12:00,0.0
2221,2022-04-03T13:00,0.0
2222,2022-04-03T14:00,0.0
2223,2022-04-03T15:00,0.0
2224,2022-04-03T16:00,0.0
2225,2022-04-03T17:00,0.0
2226,2022-04-03T18:00,0.0
2227,2022-04-03T19:00,0.0
2228,2022-04-03T20:00,0.0
2229,2022-04-03T21:00,0.0
2230,2022-04-03T22:00,0.0
2231,2022-04-03T23:00,0.0
2232,2022-04-04T00:00,0.0
2233,2022-04-04T01:00,0.0
2234,2022-04-04T02:00,0.0
2235,2022-04-04T03:00,0.0
2236,2022-04-04T04:00,0.0
2237,2022-04-04T05:00,0.2
2238,2022-04-04T06:00,0.6
2239,2022-04-04T07:00,0.7
2240,2022-04-04T08:00,0.7
2241,2022-04-04T09:00,0.4
2242,2022-04-04T10:00,0.2
2243,2022-04-04T11:00,0.2
2244,2022-04-04T12:00,0.1
2245,2022-04-04T13:00,0.2
2246,2022-04-04T14:00,0.0
2247,2022-04-04T15:00,0.0
2248,2022-04-04T16:00,0.1
2249,2022-04-04T17:00,0.0
2250,2022-04-04T18:00,0.0
2251,2022-04-04T19:00,0.0
2252,2022-04-04T20:00,0.0
2253,2022-04-04T21:00,0.0
2254,2022-04-04T22:00,0.0
2255,2022-04-04T23:00,0.0
2256,2022-04-05T00:00,0.0
2257,2022-04-05T01:00,0.0
2258,2022-04-05T02:00,0.1
2259,2022-04-05T03:00,0.0
2260,2022-04-05T04:00,0.0
2261,2022-04-05T05:00,0.0
2262,2022-04-05T06:00,0.0
2263,2022-04-05T07:00,0.0
2264,2022-04-05T08:00,0.0
2265,2022-04-05T09:00,0.0
2266,2022-04-05T10:00,0.0
2267,2022-04-05T11:00,0.0
2268,2022-04-05T12:00,0.0
2269,2022-04-05T13:00,0.0
2270,2022-04-05T14:00,0.0
2271,2022-04-05T15:00,0.0
2272,2022-04-05T16:00,0.0
2273,2022-04-05T17:00,0.0
2274,2022-04-05T18:00,0.0
2275,2022-04-05T19:00,0.0
2276,2022-04-05T20:00,0.0
2277,2022-04-05T21:00,0.0
2278,2022-04-05T22:00,0.0
2279,2022-04-05T23:00,0.0
2280,2022-04-06T00:00,0.0
2281,2022-04-06T01:00,0.0
2282,2022-04-06T02:00,0.0
2283,2022-04-06T03:00,0.0
2284,2022-04-06T04:00,0.0
2285,2022-04-06T05:00,0.0
2286,2022-04-06T06:00,0.0
2287,2022-04-06T07:00,0.0
2288,2022-04-06T08:00,0.0
2289,2022-04-06T09:00,0.1
2290,2022-04-06T10:00,0.1
2291,2022-04-06T11:00,0.2
2292,2022-04-06T12:00,0.7
2293,2022-04-06T13:00,0.2
2294,2022-04-06T14:00,0.2
2295,2022-04-06T15:00,0.2
2296,2022-04-06T16:00,0.3
2297,2022-04-06T17:00,0.1
2298,2022-04-06T18:00,0.1
2299,2022-04-06T19:00,0.0
2300,2022-04-06T20:00,0.1
2301,2022-04-06T21:00,0.1
2302,2022-04-06T22:00,0.0
2303,2022-04-06T23:00,0.0
2304,2022-04-07T00:00,0.0
2305,2022-04-07T01:00,0.0
2306,2022-04-07T02:00,0.0
2307,2022-04-07T03:00,1.3
2308,2022-04-07T04:00,2.0
2309,2022-04-07T05:00,0.6
2310,2022-04-07T06:00,0.0
2311,2022-04-07T07:00,0.0
2312,2022-04-07T08:00,0.0
2313,2022-04-07T09:00,0.0
2314,2022-04-07T10:00,0.0
2315,2022-04-07T11:00,0.0
2316,2022-04-07T12:00,0.0
2317,2022-04-07T13:00,0.0
2318,2022-04-07T14:00,0.0
2319,2022-04-07T15:00,0.0
2320,2022-04-07T16:00,0.6
2321,2022-04-07T17:00,0.0
2322,2022-04-07T18:00,0.0
2323,2022-04-07T19:00,0.0
2324,2022-04-07T20:00,0.0
2325,2022-04-07T21:00,0.0
2326,2022-04-07T22:00,0.0
2327,2022-04-07T23:00,0.0
2328,2022-04-08T00:00,0.0
2329,2022-04-08T01:00,0.0
2330,2022-04-08T02:00,0.0
2331,2022-04-08T03:00,0.0
2332,2022-04-08T04:00,0.0
2333,2022-04-08T05:00,0.0
2334,2022-04-08T06:00,0.0
2335,2022-04-08T07:00,0.0
2336,2022-04-08T08:00,0.0
2337,2022-04-08T09:00,0.0
2338,2022-04-08T10:00,0.0
2339,2022-04-08T11:00,0.0
2340,2022-04-08T12:00,0.0
2341,2022-04-08T13:00,0.0
2342,2022-04-08T14:00,0.1
2343,2022-04-08T15:00,0.5
2344,2022-04-08T16:00,0.1
2345,2022-04-08T17:00,0.8
2346,2022-04-08T18:00,0.0
2347,2022-04-08T19:00,0.1
2348,2022-04-08T20:00,0.0
2349,2022-04-08T21:00,0.0
2350,2022-04-08T22:00,0.0
2351,2022-04-08T23:00,0.0
2352,2022-04-09T00:00,0.0
2353,2022-04-09T01:00,0.0
2354,2022-04-09T02:00,0.1
2355,2022-04-09T03:00,0.0
2356,2022-04-09T04:00,0.0
2357,2022-04-09T05:00,0.0
2358,2022-04-09T06:00,0.0
2359,2022-04-09T07:00,0.0
2360,2022-04-09T08:00,0.0
2361,2022-04-09T09:00,0.0
2362,2022-04-09T10:00,0.0
2363,2022-04-09T11:00,0.3
2364,2022-04-09T12:00,0.2
2365,2022-04-09T13:00,0.0
2366,2022-04-09T14:00,0.2
2367,2022-04-09T15:00,0.0
2368,2022-04-09T16:00,0.1
2369,2022-04-09T17:00,0.0
2370,2022-04-09T18:00,0.0
2371,2022-04-09T19:00,0.0
2372,2022-04-09T20:00,0.0
2373,2022-04-09T21:00,0.0
2374,2022-04-09T22:00,0.0
2375,2022-04-09T23:00,0.0
2376,2022-04-10T00:00,0.0
2377,2022-04-10T01:00,0.0
2378,2022-04-10T02:00,0.0
2379,2022-04-10T03:00,0.0
2380,2022-04-10T04:00,0.0
2381,2022-04-10T05:00,0.0
2382,2022-04-10T06:00,0.0
2383,2022-04-10T07:00,0.0
2384,2022-04-10T08:00,0.0
2385,2022-04-10T09:00,0.0
2386,2022-04-10T10:00,0.0
2387,2022-04-10T11:00,0.0
2388,2022-04-10T12:00,0.0
2389,2022-04-10T13:00,0.0
2390,2022-04-10T14:00,0.0
2391,2022-04-10T15:00,0.0
2392,2022-04-10T16:00,0.0
2393,2022-04-10T17:00,0.0
2394,2022-04-10T18:00,0.0
2395,2022-04-10T19:00,0.0
2396,2022-04-10T20:00,0.0
2397,2022-04-10T21:00,0.0
2398,2022-04-10T22:00,0.0
2399,2022-04-10T23:00,0.0
2400,2022-04-11T00:00,0.0
2401,2022-04-11T01:00,0.0
2402,2022-04-11T02:00,0.0
2403,2022-04-11T03:00,0.0
2404,2022-04-11T04:00,0.0
2405,2022-04-11T05:00,0.0
2406,2022-04-11T06:00,0.0
2407,2022-04-11T07:00,0.0
2408,2022-04-11T08:00,0.0
2409,2022-04-11T09:00,0.0
2410,2022-04-11T10:00,0.0
2411,2022-04-11T11:00,0.0
2412,2022-04-11T12:00,0.0
2413,2022-04-11T13:00,0.0
2414,2022-04-11T14:00,0.0
2415,2022-04-11T15:00,0.0
2416,2022-04-11T16:00,0.0
2417,2022-04-11T17:00,0.0
2418,2022-04-11T18:00,0.0
2419,2022-04-11T19:00,0.0
2420,2022-04-11T20:00,0.0
2421,2022-04-11T21:00,0.0
2422,2022-04-11T22:00,0.0
2423,2022-04-11T23:00,0.0
2424,2022-04-12T00:00,0.0
2425,2022-04-12T01:00,0.0
2426,2022-04-12T02:00,0.0
2427,2022-04-12T03:00,0.0
2428,2022-04-12T04:00,0.0
2429,2022-04-12T05:00,0.4
2430,2022-04-12T06:00,0.0
2431,2022-04-12T07:00,0.0
2432,2022-04-12T08:00,0.0
2433,2022-04-12T09:00,0.0
2434,2022-04-12T10:00,3.6
2435,2022-04-12T11:00,0.5
2436,2022-04-12T12:00,0.0
2437,2022-04-12T13:00,0.0
2438,2022-04-12T14:00,0.0
2439,2022-04-12T15:00,0.1
2440,2022-04-12T16:00,0.2
2441,2022-04-12T17:00,0.2
2442,2022-04-12T18:00,0.0
2443,2022-04-12T19:00,0.0
2444,2022-04-12T20:00,0.0
2445,2022-04-12T21:00,0.0
2446,2022-04-12T22:00,0.0
2447,2022-04-12T23:00,0.0
2448,2022-04-13T00:00,0.0
2449,2022-04-13T01:00,0.0
2450,2022-04-13T02:00,0.0
2451,2022-04-13T03:00,0.0
2452,2022-04-13T04:00,0.0
2453,2022-04-13T05:00,0.0
2454,2022-04-13T06:00,0.0
2455,2022-04-13T07:00,0.0
2456,2022-04-13T08:00,0.0
2457,2022-04-13T09:00,0.0
2458,2022-04-13T10:00,0.0
2459,2022-04-13T11:00,0.2
2460,2022-04-13T12:00,0.1
2461,2022-04-13T13:00,0.1
2462,2022-04-13T14:00,0.0
2463,2022-04-13T15:00,0.0
2464,2022-04-13T16:00,0.0
2465,2022-04-13T17:00,0.0
2466,2022-04-13T18:00,0.0
2467,2022-04-13T19:00,0.0
2468,2022-04-13T20:00,0.0
2469,2022-04-13T21:00,0.0
2470,2022-04-13T22:00,0.0
2471,2022-04-13T23:00,0.0
2472,2022-04-14T00:00,0.0
2473,2022-04-14T01:00,0.0
2474,2022-04-14T02:00,0.0
2475,2022-04-14T03:00,0.0
2476,2022-04-14T04:00,0.0
2477,2022-04-14T05:00,0.0
2478,2022-04-14T06:00,0.0
2479,2022-04-14T07:00,0.0
2480,2022-04-14T08:00,0.0
2481,2022-04-14T09:00,0.0
2482,2022-04-14T10:00,0.0
2483,2022-04-14T11:00,0.0
2484,2022-04-14T12:00,0.0
2485,2022-04-14T13:00,0.0
2486,2022-04-14T14:00,0.0
2487,2022-04-14T15:00,0.0
2488,2022-04-14T16:00,0.0
2489,2022-04-14T17:00,0.0
2490,2022-04-14T18:00,0.0
2491,2022-04-14T19:00,0.0
2492,2022-04-14T20:00,0.0
2493,2022-04-14T21:00,0.0
2494,2022-04-14T22:00,0.0
2495,2022-04-14T23:00,0.0
2496,2022-04-15T00:00,0.0
2497,2022-04-15T01:00,0.0
2498,2022-04-15T02:00,0.0
2499,2022-04-15T03:00,0.0
2500,2022-04-15T04:00,0.0
2501,2022-04-15T05:00,0.0
2502,2022-04-15T06:00,0.0
2503,2022-04-15T07:00,0.0
2504,2022-04-15T08:00,0.0
2505,2022-04-15T09:00,0.0
2506,2022-04-15T10:00,0.0
2507,2022-04-15T11:00,0.0
2508,2022-04-15T12:00,0.0
2509,2022-04-15T13:00,0.0
2510,2022-04-15T14:00,0.0
2511,2022-04-15T15:00,0.0
2512,2022-04-15T16:00,0.0
2513,2022-04-15T17:00,0.0
2514,2022-04-15T18:00,0.0
2515,2022-04-15T19:00,0.0
2516,2022-04-15T20:00,0.0
2517,2022-04-15T21:00,0.0
2518,2022-04-15T22:00,0.0
2519,2022-04-15T23:00,0.0
2520,2022-04-16T00:00,0.0
2521,2022-04-16T01:00,0.0
2522,2022-04-16T02:00,0.0
2523,2022-04-16T03:00,0.0
2524,2022-04-16T04:00,0.0
2525,2022-04-16T05:00,0.0
2526,2022-04-16T06:00,0.0
2527,2022-04-16T07:00,0.0
2528,2022-04-16T08:00,0.0
2529,2022-04-16T09:00,0.0
2530,2022-04-16T10:00,0.0
2531,2022-04-16T11:00,0.0
2532,2022-04-16T12:00,0.0
2533,2022-04-16T13:00,0.0
2534,2022-04-16T14:00,0.0
2535,2022-04-16T15:00,0.0
2536,2022-04-16T16:00,0.0
2537,2022-04-16T17:00,0.0
2538,2022-04-16T18:00,0.0
2539,2022-04-16T19:00,0.0
2540,2022-04-16T20:00,0.0
2541,2022-04-16T21:00,0.0
2542,2022-04-16T22:00,0.0
2543,2022-04-16T23:00,0.0
2544,2022-04-17T00:00,0.0
2545,2022-04-17T01:00,0.0
2546,2022-04-17T02:00,0.0
2547,2022-04-17T03:00,0.0
2548,2022-04-17T04:00,0.0
2549,2022-04-17T05:00,0.0
2550,2022-04-17T06:00,0.0
2551,2022-04-17T07:00,0.0
2552,2022-04-17T08:00,0.0
2553,2022-04-17T09:00,0.0
2554,2022-04-17T10:00,0.0
2555,2022-04-17T11:00,0.0
2556,2022-04-17T12:00,0.0
2557,2022-04-17T13:00,0.0
2558,2022-04-17T14:00,0.0
2559,2022-04-17T15:00,0.0
2560,2022-04-17T16:00,0.0
2561,2022-04-17T17:00,0.0
2562,2022-04-17T18:00,0.0
2563,2022-04-17T19:00,0.0
2564,2022-04-17T20:00,0.0
2565,2022-04-17T21:00,0.0
2566,2022-04-17T22:00,0.0
2567,2022-04-17T23:00,0.0
2568,2022-04-18T00:00,0.0
2569,2022-04-18T01:00,0.0
2570,2022-04-18T02:00,0.0
2571,2022-04-18T03:00,0.0
2572,2022-04-18T04:00,0.0
2573,2022-04-18T05:00,0.0
2574,2022-04-18T06:00,0.0
2575,2022-04-18T07:00,0.0
2576,2022-04-18T08:00,0.0
2577,2022-04-18T09:00,0.0
2578,2022-04-18T10:00,0.0
2579,2022-04-18T11:00,0.0
2580,2022-04-18T12:00,0.0
2581,2022-04-18T13:00,0.0
2582,2022-04-18T14:00,0.0
2583,2022-04-18T15:00,0.0
2584,2022-04-18T16:00,0.0
2585,2022-04-18T17:00,0.0
2586,2022-04-18T18:00,0.0
2587,2022-04-18T19:00,0.0
2588,2022-04-18T20:00,0.0
2589,2022-04-18T21:00,0.0
2590,2022-04-18T22:00,0.0
2591,2022-04-18T23:00,0.0
2592,2022-04-19T00:00,0.0
2593,2022-04-19T01:00,0.0
2594,2022-04-19T02:00,0.0
2595,2022-04-19T03:00,0.0
2596,2022-04-19T04:00,0.0
2597,2022-04-19T05:00,0.0
2598,2022-04-19T06:00,0.0
2599,2022-04-19T07:00,0.0
2600,2022-04-19T08:00,0.0
2601,2022-04-19T09:00,0.0
2602,2022-04-19T10:00,0.0
2603,2022-04-19T11:00,0.0
2604,2022-04-19T12:00,0.0
2605,2022-04-19T13:00,0.1
2606,2022-04-19T14:00,0.0
2607,2022-04-19T15:00,0.0
2608,2022-04-19T16:00,0.0
2609,2022-04-19T17:00,0.0
2610,2022-04-19T18:00,0.0
2611,2022-04-19T19:00,0.0
2612,2022-04-19T20:00,0.0
2613,2022-04-19T21:00,0.0
2614,2022-04-19T22:00,0.0
2615,2022-04-19T23:00,0.0
2616,2022-04-20T00:00,0.0
2617,2022-04-20T01:00,0.0
2618,2022-04-20T02:00,0.0
2619,2022-04-20T03:00,0.0
2620,2022-04-20T04:00,0.0
2621,2022-04-20T05:00,0.0
2622,2022-04-20T06:00,0.0
2623,2022-04-20T07:00,0.0
2624,2022-04-20T08:00,0.0
2625,2022-04-20T09:00,0.0
2626,2022-04-20T10:00,0.0
2627,2022-04-20T11:00,0.0
2628,2022-04-20T12:00,0.0
2629,2022-04-20T13:00,0.0
2630,2022-04-20T14:00,0.0
2631,2022-04-20T15:00,0.0
2632,2022-04-20T16:00,0.0
2633,2022-04-20T17:00,0.0
2634,2022-04-20T18:00,0.0
2635,2022-04-20T19:00,0.0
2636,2022-04-20T20:00,0.0
2637,2022-04-20T21:00,0.0
2638,2022-04-20T22:00,0.0
2639,2022-04-20T23:00,0.0
2640,2022-04-21T00:00,0.0
2641,2022-04-21T01:00,0.0
2642,2022-04-21T02:00,0.0
2643,2022-04-21T03:00,0.0
2644,2022-04-21T04:00,0.0
2645,2022-04-21T05:00,0.0
2646,2022-04-21T06:00,0.0
2647,2022-04-21T07:00,0.0
2648,2022-04-21T08:00,0.0
2649,2022-04-21T09:00,0.0
2650,2022-04-21T10:00,0.0
2651,2022-04-21T11:00,0.0
2652,2022-04-21T12:00,0.0
2653,2022-04-21T13:00,0.0
2654,2022-04-21T14:00,0.0
2655,2022-04-21T15:00,0.0
2656,2022-04-21T16:00,0.0
2657,2022-04-21T17:00,0.0
2658,2022-04-21T18:00,0.0
2659,2022-04-21T19:00,0.0
2660,2022-04-21T20:00,0.0
2661,2022-04-21T21:00,0.0
2662,2022-04-21T22:00,0.0
2663,2022-04-21T23:00,0.0
2664,2022-04-22T00:00,0.0
2665,2022-04-22T01:00,0.0
2666,2022-04-22T02:00,0.0
2667,2022-04-22T03:00,0.0
2668,2022-04-22T04:00,0.0
2669,2022-04-22T05:00,0.0
2670,2022-04-22T06:00,0.0
2671,2022-04-22T07:00,0.0
2672,2022-04-22T08:00,0.0
2673,2022-04-22T09:00,0.0
2674,2022-04-22T10:00,0.0
2675,2022-04-22T11:00,0.0
2676,2022-04-22T12:00,0.0
2677,2022-04-22T13:00,0.0
2678,2022-04-22T14:00,0.0
2679,2022-04-22T15:00,0.0
2680,2022-04-22T16:00,0.0
2681,2022-04-22T17:00,0.0
2682,2022-04-22T18:00,0.1
2683,2022-04-22T19:00,0.0
2684,2022-04-22T20:00,0.0
2685,2022-04-22T21:00,0.0
2686,2022-04-22T22:00,0.0
2687,2022-04-22T23:00,0.0
2688,2022-04-23T00:00,0.0
2689,2022-04-23T01:00,0.0
2690,2022-04-23T02:00,0.0
2691,2022-04-23T03:00,0.0
2692,2022-04-23T04:00,0.0
2693,2022-04-23T05:00,0.0
2694,2022-04-23T06:00,0.0
2695,2022-04-23T07:00,0.0
2696,2022-04-23T08:00,0.0
2697,2022-04-23T09:00,0.0
2698,2022-04-23T10:00,0.0
2699,2022-04-23T11:00,0.0
2700,2022-04-23T12:00,0.0
2701,2022-04-23T13:00,0.0
2702,2022-04-23T14:00,0.0
2703,2022-04-23T15:00,0.0
2704,2022-04-23T16:00,0.0
2705,2022-04-23T17:00,0.0
2706,2022-04-23T18:00,0.0
2707,2022-04-23T19:00,0.0
2708,2022-04-23T20:00,0.0
2709,2022-04-23T21:00,0.0
2710,2022-04-23T22:00,0.0
2711,2022-04-23T23:00,0.0
2712,2022-04-24T00:00,0.0
2713,2022-04-24T01:00,0.0
2714,2022-04-24T02:00,0.0
2715,2022-04-24T03:00,0.0
2716,2022-04-24T04:00,0.0
2717,2022-04-24T05:00,0.0
2718,2022-04-24T06:00,0.0
2719,2022-04-24T07:00,0.0
2720,2022-04-24T08:00,0.0
2721,2022-04-24T09:00,0.0
2722,2022-04-24T10:00,0.0
2723,2022-04-24T11:00,0.0
2724,2022-04-24T12:00,0.0
2725,2022-04-24T13:00,0.0
2726,2022-04-24T14:00,0.0
2727,2022-04-24T15:00,0.0
2728,2022-04-24T16:00,0.0
2729,2022-04-24T17:00,0.0
2730,2022-04-24T18:00,0.0
2731,2022-04-24T19:00,0.0
2732,2022-04-24T20:00,0.0
2733,2022-04-24T21:00,0.0
2734,2022-04-24T22:00,0.0
2735,2022-04-24T23:00,0.0
2736,2022-04-25T00:00,0.0
2737,2022-04-25T01:00,0.0
2738,2022-04-25T02:00,0.0
2739,2022-04-25T03:00,0.0
2740,2022-04-25T04:00,0.0
2741,2022-04-25T05:00,0.0
2742,2022-04-25T06:00,0.0
2743,2022-04-25T07:00,0.0
2744,2022-04-25T08:00,0.0
2745,2022-04-25T09:00,0.0
2746,2022-04-25T10:00,0.0
2747,2022-04-25T11:00,0.0
2748,2022-04-25T12:00,0.1
2749,2022-04-25T13:00,0.0
2750,2022-04-25T14:00,0.2
2751,2022-04-25T15:00,0.0
2752,2022-04-25T16:00,0.0
2753,2022-04-25T17:00,0.0
2754,2022-04-25T18:00,0.0
2755,2022-04-25T19:00,0.0
2756,2022-04-25T20:00,0.0
2757,2022-04-25T21:00,0.0
2758,2022-04-25T22:00,0.0
2759,2022-04-25T23:00,0.0
2760,2022-04-26T00:00,0.0
2761,2022-04-26T01:00,0.0
2762,2022-04-26T02:00,0.0
2763,2022-04-26T03:00,0.0
2764,2022-04-26T04:00,0.0
2765,2022-04-26T05:00,0.0
2766,2022-04-26T06:00,0.0
2767,2022-04-26T07:00,0.0
2768,2022-04-26T08:00,0.0
2769,2022-04-26T09:00,0.0
2770,2022-04-26T10:00,0.0
2771,2022-04-26T11:00,0.0
2772,2022-04-26T12:00,0.0
2773,2022-04-26T13:00,0.0
2774,2022-04-26T14:00,0.0
2775,2022-04-26T15:00,0.0
2776,2022-04-26T16:00,0.0
2777,2022-04-26T17:00,0.0
2778,2022-04-26T18:00,0.0
2779,2022-04-26T19:00,0.0
2780,2022-04-26T20:00,0.0
2781,2022-04-26T21:00,0.0
2782,2022-04-26T22:00,0.0
2783,2022-04-26T23:00,0.0
2784,2022-04-27T00:00,0.0
2785,2022-04-27T01:00,0.0
2786,2022-04-27T02:00,0.0
2787,2022-04-27T03:00,0.0
2788,2022-04-27T04:00,0.0
2789,2022-04-27T05:00,0.0
2790,2022-04-27T06:00,0.0
2791,2022-04-27T07:00,0.0
2792,2022-04-27T08:00,0.0
2793,2022-04-27T09:00,0.0
2794,2022-04-27T10:00,0.0
2795,2022-04-27T11:00,0.0
2796,2022-04-27T12:00,0.0
2797,2022-04-27T13:00,0.1
2798,2022-04-27T14:00,0.0
2799,2022-04-27T15:00,0.0
2800,2022-04-27T16:00,0.0
2801,2022-04-27T17:00,0.0
2802,2022-04-27T18:00,0.0
2803,2022-04-27T19:00,0.0
2804,2022-04-27T20:00,0.0
2805,2022-04-27T21:00,0.0
2806,2022-04-27T22:00,0.0
2807,2022-04-27T23:00,0.0
2808,2022-04-28T00:00,0.0
2809,2022-04-28T01:00,0.0
2810,2022-04-28T02:00,0.0
2811,2022-04-28T03:00,0.0
2812,2022-04-28T04:00,0.0
2813,2022-04-28T05:00,0.0
2814,2022-04-28T06:00,0.0
2815,2022-04-28T07:00,0.0
2816,2022-04-28T08:00,0.0
2817,2022-04-28T09:00,0.0
2818,2022-04-28T10:00,0.0
2819,2022-04-28T11:00,0.0
2820,2022-04-28T12:00,0.0
2821,2022-04-28T13:00,0.0
2822,2022-04-28T14:00,0.0
2823,2022-04-28T15:00,0.0
2824,2022-04-28T16:00,0.0
2825,2022-04-28T17:00,0.0
2826,2022-04-28T18:00,0.0
2827,2022-04-28T19:00,0.0
2828,2022-04-28T20:00,0.1
2829,2022-04-28T21:00,0.0
2830,2022-04-28T22:00,0.0
2831,2022-04-28T23:00,0.0
2832,2022-04-29T00:00,0.0
2833,2022-04-29T01:00,0.0
2834,2022-04-29T02:00,0.0
2835,2022-04-29T03:00,0.0
2836,2022-04-29T04:00,0.0
2837,2022-04-29T05:00,0.0
2838,2022-04-29T06:00,0.0
2839,2022-04-29T07:00,0.0
2840,2022-04-29T08:00,0.0
2841,2022-04-29T09:00,0.0
2842,2022-04-29T10:00,0.0
2843,2022-04-29T11:00,0.0
2844,2022-04-29T12:00,0.0
2845,2022-04-29T13:00,0.0
2846,2022-04-29T14:00,0.0
2847,2022-04-29T15:00,0.0
2848,2022-04-29T16:00,0.0
2849,2022-04-29T17:00,0.0
2850,2022-04-29T18:00,0.0
2851,2022-04-29T19:00,0.0
2852,2022-04-29T20:00,0.0
2853,2022-04-29T21:00,0.0
2854,2022-04-29T22:00,0.0
2855,2022-04-29T23:00,0.0
2856,2022-04-30T00:00,0.0
2857,2022-04-30T01:00,0.0
2858,2022-04-30T02:00,0.0
2859,2022-04-30T03:00,0.0
2860,2022-04-30T04:00,0.0
2861,2022-04-30T05:00,0.0
2862,2022-04-30T06:00,0.0
2863,2022-04-30T07:00,0.0
2864,2022-04-30T08:00,0.0
2865,2022-04-30T09:00,0.0
2866,2022-04-30T10:00,0.0
2867,2022-04-30T11:00,0.0
2868,2022-04-30T12:00,0.0
2869,2022-04-30T13:00,0.0
2870,2022-04-30T14:00,0.0
2871,2022-04-30T15:00,0.0
2872,2022-04-30T16:00,0.0
2873,2022-04-30T17:00,0.0
2874,2022-04-30T18:00,0.0
2875,2022-04-30T19:00,0.0
2876,2022-04-30T20:00,0.0
2877,2022-04-30T21:00,0.0
2878,2022-04-30T22:00,0.0
2879,2022-04-30T23:00,0.0
2880,2022-05-01T00:00,0.0
2881,2022-05-01T01:00,0.0
2882,2022-05-01T02:00,0.0
2883,2022-05-01T03:00,0.0
2884,2022-05-01T04:00,0.0
2885,2022-05-01T05:00,0.0
2886,2022-05-01T06:00,0.0
2887,2022-05-01T07:00,0.0
2888,2022-05-01T08:00,0.0
2889,2022-05-01T09:00,0.0
2890,2022-05-01T10:00,0.0
2891,2022-05-01T11:00,0.2
2892,2022-05-01T12:00,0.3
2893,2022-05-01T13:00,0.3
2894,2022-05-01T14:00,0.0
2895,2022-05-01T15:00,0.1
2896,2022-05-01T16:00,0.1
2897,2022-05-01T17:00,0.2
2898,2022-05-01T18:00,0.2
2899,2022-05-01T19:00,0.1
2900,2022-05-01T20:00,0.1
2901,2022-05-01T21:00,0.0
2902,2022-05-01T22:00,0.0
2903,2022-05-01T23:00,0.0
2904,2022-05-02T00:00,0.0
2905,2022-05-02T01:00,0.0
2906,2022-05-02T02:00,0.0
2907,2022-05-02T03:00,0.0
2908,2022-05-02T04:00,0.0
2909,2022-05-02T05:00,0.0
2910,2022-05-02T06:00,0.0
2911,2022-05-02T07:00,0.0
2912,2022-05-02T08:00,0.0
2913,2022-05-02T09:00,0.0
2914,2022-05-02T10:00,0.1
2915,2022-05-02T11:00,0.1
2916,2022-05-02T12:00,0.0
2917,2022-05-02T13:00,0.1
2918,2022-05-02T14:00,0.1
2919,2022-05-02T15:00,0.0
2920,2022-05-02T16:00,0.0
2921,2022-05-02T17:00,0.0
2922,2022-05-02T18:00,0.0
2923,2022-05-02T19:00,0.0
2924,2022-05-02T20:00,0.0
2925,2022-05-02T21:00,0.0
2926,2022-05-02T22:00,0.0
2927,2022-05-02T23:00,0.0
2928,2022-05-03T00:00,0.0
2929,2022-05-03T01:00,0.0
2930,2022-05-03T02:00,0.0
2931,2022-05-03T03:00,0.0
2932,2022-05-03T04:00,0.0
2933,2022-05-03T05:00,0.0
2934,2022-05-03T06:00,0.0
2935,2022-05-03T07:00,0.0
2936,2022-05-03T08:00,0.0
2937,2022-05-03T09:00,0.0
2938,2022-05-03T10:00,0.0
2939,2022-05-03T11:00,0.0
2940,2022-05-03T12:00,0.0
2941,2022-05-03T13:00,0.0
2942,2022-05-03T14:00,0.0
2943,2022-05-03T15:00,0.0
2944,2022-05-03T16:00,0.0
2945,2022-05-03T17:00,0.0
2946,2022-05-03T18:00,0.0
2947,2022-05-03T19:00,0.0
2948,2022-05-03T20:00,0.0
2949,2022-05-03T21:00,0.0
2950,2022-05-03T22:00,0.0
2951,2022-05-03T23:00,0.0
2952,2022-05-04T00:00,0.0
2953,2022-05-04T01:00,0.0
2954,2022-05-04T02:00,0.0
2955,2022-05-04T03:00,0.0
2956,2022-05-04T04:00,0.3
2957,2022-05-04T05:00,0.9
2958,2022-05-04T06:00,0.9
2959,2022-05-04T07:00,0.3
2960,2022-05-04T08:00,0.2
2961,2022-05-04T09:00,0.0
2962,2022-05-04T10:00,0.0
2963,2022-05-04T11:00,0.0
2964,2022-05-04T12:00,0.0
2965,2022-05-04T13:00,0.0
2966,2022-05-04T14:00,0.0
2967,2022-05-04T15:00,0.1
2968,2022-05-04T16:00,0.0
2969,2022-05-04T17:00,1.3
2970,2022-05-04T18:00,0.2
2971,2022-05-04T19:00,0.3
2972,2022-05-04T20:00,0.0
2973,2022-05-04T21:00,0.0
2974,2022-05-04T22:00,0.0
2975,2022-05-04T23:00,0.0
2976,2022-05-05T00:00,0.0
2977,2022-05-05T01:00,0.0
2978,2022-05-05T02:00,0.0
2979,2022-05-05T03:00,0.0
2980,2022-05-05T04:00,0.0
2981,2022-05-05T05:00,0.0
2982,2022-05-05T06:00,0.0
2983,2022-05-05T07:00,0.0
2984,2022-05-05T08:00,0.0
2985,2022-05-05T09:00,0.0
2986,2022-05-05T10:00,0.0
2987,2022-05-05T11:00,0.0
2988,2022-05-05T12:00,0.0
2989,2022-05-05T13:00,0.0
2990,2022-05-05T14:00,0.0
2991,2022-05-05T15:00,0.0
2992,2022-05-05T16:00,0.0
2993,2022-05-05T17:00,0.0
2994,2022-05-05T18:00,0.0
2995,2022-05-05T19:00,0.0
2996,2022-05-05T20:00,0.0
2997,2022-05-05T21:00,0.0
2998,2022-05-05T22:00,0.0
2999,2022-05-05T23:00,0.0
3000,2022-05-06T00:00,0.0
3001,2022-05-06T01:00,0.0
3002,2022-05-06T02:00,0.0
3003,2022-05-06T03:00,0.0
3004,2022-05-06T04:00,0.0
3005,2022-05-06T05:00,0.0
3006,2022-05-06T06:00,0.0
3007,2022-05-06T07:00,0.0
3008,2022-05-06T08:00,0.0
3009,2022-05-06T09:00,0.0
3010,2022-05-06T10:00,0.0
3011,2022-05-06T11:00,0.0
3012,2022-05-06T12:00,0.0
3013,2022-05-06T13:00,0.0
3014,2022-05-06T14:00,0.0
3015,2022-05-06T15:00,0.0
3016,2022-05-06T16:00,0.0
3017,2022-05-06T17:00,0.0
3018,2022-05-06T18:00,0.0
3019,2022-05-06T19:00,0.0
3020,2022-05-06T20:00,0.0
3021,2022-05-06T21:00,0.0
3022,2022-05-06T22:00,0.0
3023,2022-05-06T23:00,0.0
3024,2022-05-07T00:00,0.0
3025,2022-05-07T01:00,0.1
3026,2022-05-07T02:00,1.1
3027,2022-05-07T03:00,0.0
3028,2022-05-07T04:00,0.0
3029,2022-05-07T05:00,0.0
3030,2022-05-07T06:00,0.0
3031,2022-05-07T07:00,0.0
3032,2022-05-07T08:00,0.0
3033,2022-05-07T09:00,0.2
3034,2022-05-07T10:00,0.1
3035,2022-05-07T11:00,0.1
3036,2022-05-07T12:00,0.1
3037,2022-05-07T13:00,0.0
3038,2022-05-07T14:00,0.1
3039,2022-05-07T15:00,0.1
3040,2022-05-07T16:00,0.0
3041,2022-05-07T17:00,0.0
3042,2022-05-07T18:00,0.4
3043,2022-05-07T19:00,0.0
3044,2022-05-07T20:00,0.0
3045,2022-05-07T21:00,0.0
3046,2022-05-07T22:00,0.0
3047,2022-05-07T23:00,0.0
3048,2022-05-08T00:00,0.0
3049,2022-05-08T01:00,0.0
3050,2022-05-08T02:00,0.0
3051,2022-05-08T03:00,0.0
3052,2022-05-08T04:00,0.0
3053,2022-05-08T05:00,0.0
3054,2022-05-08T06:00,0.0
3055,2022-05-08T07:00,0.0
3056,2022-05-08T08:00,0.0
3057,2022-05-08T09:00,0.0
3058,2022-05-08T10:00,0.0
3059,2022-05-08T11:00,0.0
3060,2022-05-08T12:00,0.0
3061,2022-05-08T13:00,0.0
3062,2022-05-08T14:00,0.0
3063,2022-05-08T15:00,0.0
3064,2022-05-08T16:00,0.0
3065,2022-05-08T17:00,0.0
3066,2022-05-08T18:00,0.0
3067,2022-05-08T19:00,0.0
3068,2022-05-08T20:00,0.0
3069,2022-05-08T21:00,0.0
3070,2022-05-08T22:00,0.0
3071,2022-05-08T23:00,0.0
3072,2022-05-09T00:00,0.0
3073,2022-05-09T01:00,0.0
3074,2022-05-09T02:00,0.0
3075,2022-05-09T03:00,0.0
3076,2022-05-09T04:00,0.0
3077,2022-05-09T05:00,0.0
3078,2022-05-09T06:00,0.0
3079,2022-05-09T07:00,0.0
3080,2022-05-09T08:00,0.0
3081,2022-05-09T09:00,0.0
3082,2022-05-09T10:00,0.0
3083,2022-05-09T11:00,0.0
3084,2022-05-09T12:00,0.0
3085,2022-05-09T13:00,0.0
3086,2022-05-09T14:00,0.0
3087,2022-05-09T15:00,0.0
3088,2022-05-09T16:00,0.0
3089,2022-05-09T17:00,0.0
3090,2022-05-09T18:00,0.0
3091,2022-05-09T19:00,0.0
3092,2022-05-09T20:00,0.0
3093,2022-05-09T21:00,0.0
3094,2022-05-09T22:00,0.0
3095,2022-05-09T23:00,0.0
3096,2022-05-10T00:00,0.0
3097,2022-05-10T01:00,0.0
3098,2022-05-10T02:00,0.0
3099,2022-05-10T03:00,0.0
3100,2022-05-10T04:00,0.0
3101,2022-05-10T05:00,0.0
3102,2022-05-10T06:00,0.0
3103,2022-05-10T07:00,0.0
3104,2022-05-10T08:00,0.2
3105,2022-05-10T09:00,0.1
3106,2022-05-10T10:00,0.2
3107,2022-05-10T11:00,0.1
3108,2022-05-10T12:00,0.1
3109,2022-05-10T13:00,0.0
3110,2022-05-10T14:00,0.5
3111,2022-05-10T15:00,0.3
3112,2022-05-10T16:00,0.0
3113,2022-05-10T17:00,0.0
3114,2022-05-10T18:00,0.0
3115,2022-05-10T19:00,0.0
3116,2022-05-10T20:00,0.0
3117,2022-05-10T21:00,0.0
3118,2022-05-10T22:00,0.0
3119,2022-05-10T23:00,0.0
3120,2022-05-11T00:00,0.0
3121,2022-05-11T01:00,0.0
3122,2022-05-11T02:00,0.0
3123,2022-05-11T03:00,0.0
3124,2022-05-11T04:00,0.0
3125,2022-05-11T05:00,0.0
3126,2022-05-11T06:00,0.0
3127,2022-05-11T07:00,0.0
3128,2022-05-11T08:00,0.0
3129,2022-05-11T09:00,0.0
3130,2022-05-11T10:00,0.0
3131,2022-05-11T11:00,0.0
3132,2022-05-11T12:00,0.0
3133,2022-05-11T13:00,0.0
3134,2022-05-11T14:00,0.6
3135,2022-05-11T15:00,1.2
3136,2022-05-11T16:00,1.6
3137,2022-05-11T17:00,0.5
3138,2022-05-11T18:00,0.0
3139,2022-05-11T19:00,0.2
3140,2022-05-11T20:00,0.1
3141,2022-05-11T21:00,0.0
3142,2022-05-11T22:00,0.0
3143,2022-05-11T23:00,0.0
3144,2022-05-12T00:00,0.0
3145,2022-05-12T01:00,0.0
3146,2022-05-12T02:00,0.0
3147,2022-05-12T03:00,0.0
3148,2022-05-12T04:00,0.0
3149,2022-05-12T05:00,0.0
3150,2022-05-12T06:00,0.0
3151,2022-05-12T07:00,0.0
3152,2022-05-12T08:00,0.0
3153,2022-05-12T09:00,0.0
3154,2022-05-12T10:00,0.0
3155,2022-05-12T11:00,0.0
3156,2022-05-12T12:00,0.0
3157,2022-05-12T13:00,0.0
3158,2022-05-12T14:00,0.0
3159,2022-05-12T15:00,0.0
3160,2022-05-12T16:00,0.0
3161,2022-05-12T17:00,0.0
3162,2022-05-12T18:00,0.0
3163,2022-05-12T19:00,0.0
3164,2022-05-12T20:00,0.0
3165,2022-05-12T21:00,0.0
3166,2022-05-12T22:00,0.0
3167,2022-05-12T23:00,0.0
3168,2022-05-13T00:00,0.0
3169,2022-05-13T01:00,0.0
3170,2022-05-13T02:00,0.0
3171,2022-05-13T03:00,0.0
3172,2022-05-13T04:00,0.0
3173,2022-05-13T05:00,0.0
3174,2022-05-13T06:00,0.0
3175,2022-05-13T07:00,0.0
3176,2022-05-13T08:00,0.0
3177,2022-05-13T09:00,0.0
3178,2022-05-13T10:00,0.0
3179,2022-05-13T11:00,0.0
3180,2022-05-13T12:00,0.0
3181,2022-05-13T13:00,0.0
3182,2022-05-13T14:00,0.0
3183,2022-05-13T15:00,0.0
3184,2022-05-13T16:00,0.0
3185,2022-05-13T17:00,0.0
3186,2022-05-13T18:00,0.0
3187,2022-05-13T19:00,0.0
3188,2022-05-13T20:00,0.0
3189,2022-05-13T21:00,0.0
3190,2022-05-13T22:00,0.0
3191,2022-05-13T23:00,0.0
3192,2022-05-14T00:00,0.0
3193,2022-05-14T01:00,0.0
3194,2022-05-14T02:00,0.0
3195,2022-05-14T03:00,0.0
3196,2022-05-14T04:00,0.0
3197,2022-05-14T05:00,0.0
3198,2022-05-14T06:00,0.0
3199,2022-05-14T07:00,0.0
3200,2022-05-14T08:00,0.0
3201,2022-05-14T09:00,0.0
3202,2022-05-14T10:00,0.0
3203,2022-05-14T11:00,0.0
3204,2022-05-14T12:00,0.0
3205,2022-05-14T13:00,0.0
3206,2022-05-14T14:00,0.0
3207,2022-05-14T15:00,0.0
3208,2022-05-14T16:00,0.0
3209,2022-05-14T17:00,0.0
3210,2022-05-14T18:00,0.0
3211,2022-05-14T19:00,0.0
3212,2022-05-14T20:00,0.0
3213,2022-05-14T21:00,0.0
3214,2022-05-14T22:00,0.0
3215,2022-05-14T23:00,0.0
3216,2022-05-15T00:00,0.0
3217,2022-05-15T01:00,0.0
3218,2022-05-15T02:00,0.0
3219,2022-05-15T03:00,0.6
3220,2022-05-15T04:00,0.0
3221,2022-05-15T05:00,0.0
3222,2022-05-15T06:00,2.4
3223,2022-05-15T07:00,2.6
3224,2022-05-15T08:00,0.0
3225,2022-05-15T09:00,0.0
3226,2022-05-15T10:00,0.0
3227,2022-05-15T11:00,0.0
3228,2022-05-15T12:00,0.0
3229,2022-05-15T13:00,0.0
3230,2022-05-15T14:00,2.5
3231,2022-05-15T15:00,2.8
3232,2022-05-15T16:00,1.2
3233,2022-05-15T17:00,1.7
3234,2022-05-15T18:00,6.7
3235,2022-05-15T19:00,1.8
3236,2022-05-15T20:00,1.6
3237,2022-05-15T21:00,0.0
3238,2022-05-15T22:00,0.0
3239,2022-05-15T23:00,0.0
3240,2022-05-16T00:00,0.9
3241,2022-05-16T01:00,0.0
3242,2022-05-16T02:00,0.9
3243,2022-05-16T03:00,0.0
3244,2022-05-16T04:00,0.0
3245,2022-05-16T05:00,0.0
3246,2022-05-16T06:00,0.0
3247,2022-05-16T07:00,0.0
3248,2022-05-16T08:00,0.0
3249,2022-05-16T09:00,0.0
3250,2022-05-16T10:00,0.1
3251,2022-05-16T11:00,0.1
3252,2022-05-16T12:00,0.0
3253,2022-05-16T13:00,0.1
3254,2022-05-16T14:00,0.0
3255,2022-05-16T15:00,0.4
3256,2022-05-16T16:00,0.1
3257,2022-05-16T17:00,0.0
3258,2022-05-16T18:00,0.0
3259,2022-05-16T19:00,0.0
3260,2022-05-16T20:00,0.0
3261,2022-05-16T21:00,0.0
3262,2022-05-16T22:00,0.0
3263,2022-05-16T23:00,0.0
3264,2022-05-17T00:00,0.0
3265,2022-05-17T01:00,0.0
3266,2022-05-17T02:00,0.0
3267,2022-05-17T03:00,0.0
3268,2022-05-17T04:00,0.0
3269,2022-05-17T05:00,0.0
3270,2022-05-17T06:00,0.0
3271,2022-05-17T07:00,0.0
3272,2022-05-17T08:00,0.0
3273,2022-05-17T09:00,0.0
3274,2022-05-17T10:00,0.0
3275,2022-05-17T11:00,0.0
3276,2022-05-17T12:00,0.0
3277,2022-05-17T13:00,0.0
3278,2022-05-17T14:00,0.0
3279,2022-05-17T15:00,0.0
3280,2022-05-17T16:00,0.0
3281,2022-05-17T17:00,0.0
3282,2022-05-17T18:00,0.0
3283,2022-05-17T19:00,0.0
3284,2022-05-17T20:00,0.0
3285,2022-05-17T21:00,0.1
3286,2022-05-17T22:00,0.0
3287,2022-05-17T23:00,0.0
3288,2022-05-18T00:00,0.0
3289,2022-05-18T01:00,0.0
3290,2022-05-18T02:00,0.0
3291,2022-05-18T03:00,0.0
3292,2022-05-18T04:00,0.0
3293,2022-05-18T05:00,0.0
3294,2022-05-18T06:00,0.0
3295,2022-05-18T07:00,0.0
3296,2022-05-18T08:00,0.0
3297,2022-05-18T09:00,0.0
3298,2022-05-18T10:00,0.0
3299,2022-05-18T11:00,0.0
3300,2022-05-18T12:00,0.0
3301,2022-05-18T13:00,0.0
3302,2022-05-18T14:00,0.0
3303,2022-05-18T15:00,0.0
3304,2022-05-18T16:00,0.0
3305,2022-05-18T17:00,0.0
3306,2022-05-18T18:00,0.0
3307,2022-05-18T19:00,0.0
3308,2022-05-18T20:00,0.0
3309,2022-05-18T21:00,0.0
3310,2022-05-18T22:00,5.8
3311,2022-05-18T23:00,1.4
3312,2022-05-19T00:00,12.7
3313,2022-05-19T01:00,10.4
3314,2022-05-19T02:00,0.2
3315,2022-05-19T03:00,0.0
3316,2022-05-19T04:00,0.0
3317,2022-05-19T05:00,0.0
3318,2022-05-19T06:00,0.0
3319,2022-05-19T07:00,0.0
3320,2022-05-19T08:00,0.0
3321,2022-05-19T09:00,0.5
3322,2022-05-19T10:00,0.0
3323,2022-05-19T11:00,0.1
3324,2022-05-19T12:00,0.0
3325,2022-05-19T13:00,0.0
3326,2022-05-19T14:00,0.0
3327,2022-05-19T15:00,0.0
3328,2022-05-19T16:00,0.0
3329,2022-05-19T17:00,0.0
3330,2022-05-19T18:00,0.0
3331,2022-05-19T19:00,0.0
3332,2022-05-19T20:00,0.0
3333,2022-05-19T21:00,0.0
3334,2022-05-19T22:00,0.0
3335,2022-05-19T23:00,0.0
3336,2022-05-20T00:00,0.0
3337,2022-05-20T01:00,0.0
3338,2022-05-20T02:00,0.1
3339,2022-05-20T03:00,0.0
3340,2022-05-20T04:00,0.0
3341,2022-05-20T05:00,0.0
3342,2022-05-20T06:00,0.0
3343,2022-05-20T07:00,0.1
3344,2022-05-20T08:00,0.1
3345,2022-05-20T09:00,0.1
3346,2022-05-20T10:00,0.4
3347,2022-05-20T11:00,0.7
3348,2022-05-20T12:00,0.6
3349,2022-05-20T13:00,0.4
3350,2022-05-20T14:00,0.4
3351,2022-05-20T15:00,0.0
3352,2022-05-20T16:00,0.0
3353,2022-05-20T17:00,0.0
3354,2022-05-20T18:00,0.0
3355,2022-05-20T19:00,0.1
3356,2022-05-20T20:00,0.9
3357,2022-05-20T21:00,0.1
3358,2022-05-20T22:00,0.0
3359,2022-05-20T23:00,0.0
3360,2022-05-21T00:00,0.0
3361,2022-05-21T01:00,0.0
3362,2022-05-21T02:00,0.0
3363,2022-05-21T03:00,0.0
3364,2022-05-21T04:00,0.0
3365,2022-05-21T05:00,0.0
3366,2022-05-21T06:00,0.0
3367,2022-05-21T07:00,0.0
3368,2022-05-21T08:00,0.0
3369,2022-05-21T09:00,0.0
3370,2022-05-21T10:00,0.0
3371,2022-05-21T11:00,0.0
3372,2022-05-21T12:00,0.0
3373,2022-05-21T13:00,0.0
3374,2022-05-21T14:00,0.0
3375,2022-05-21T15:00,0.0
3376,2022-05-21T16:00,0.0
3377,2022-05-21T17:00,0.0
3378,2022-05-21T18:00,0.0
3379,2022-05-21T19:00,0.0
3380,2022-05-21T20:00,0.0
3381,2022-05-21T21:00,0.0
3382,2022-05-21T22:00,0.0
3383,2022-05-21T23:00,0.0
3384,2022-05-22T00:00,0.0
3385,2022-05-22T01:00,0.0
3386,2022-05-22T02:00,0.0
3387,2022-05-22T03:00,0.0
3388,2022-05-22T04:00,0.0
3389,2022-05-22T05:00,0.0
3390,2022-05-22T06:00,0.0
3391,2022-05-22T07:00,0.0
3392,2022-05-22T08:00,0.0
3393,2022-05-22T09:00,0.0
3394,2022-05-22T10:00,0.0
3395,2022-05-22T11:00,0.0
3396,2022-05-22T12:00,0.0
3397,2022-05-22T13:00,0.0
3398,2022-05-22T14:00,0.0
3399,2022-05-22T15:00,0.0
3400,2022-05-22T16:00,0.0
3401,2022-05-22T17:00,0.0
3402,2022-05-22T18:00,0.0
3403,2022-05-22T19:00,0.0
3404,2022-05-22T20:00,0.0
3405,2022-05-22T21:00,0.0
3406,2022-05-22T22:00,0.0
3407,2022-05-22T23:00,0.0
3408,2022-05-23T00:00,0.0
3409,2022-05-23T01:00,0.5
3410,2022-05-23T02:00,0.0
3411,2022-05-23T03:00,0.0
3412,2022-05-23T04:00,0.0
3413,2022-05-23T05:00,0.0
3414,2022-05-23T06:00,0.0
3415,2022-05-23T07:00,0.0
3416,2022-05-23T08:00,0.0
3417,2022-05-23T09:00,0.0
3418,2022-05-23T10:00,0.0
3419,2022-05-23T11:00,0.1
3420,2022-05-23T12:00,0.1
3421,2022-05-23T13:00,0.3
3422,2022-05-23T14:00,1.1
3423,2022-05-23T15:00,0.0
3424,2022-05-23T16:00,0.0
3425,2022-05-23T17:00,0.1
3426,2022-05-23T18:00,0.1
3427,2022-05-23T19:00,0.0
3428,2022-05-23T20:00,0.2
3429,2022-05-23T21:00,0.0
3430,2022-05-23T22:00,0.0
3431,2022-05-23T23:00,0.0
3432,2022-05-24T00:00,0.0
3433,2022-05-24T01:00,0.0
3434,2022-05-24T02:00,0.6
3435,2022-05-24T03:00,0.2
3436,2022-05-24T04:00,0.1
3437,2022-05-24T05:00,0.6
3438,2022-05-24T06:00,0.1
3439,2022-05-24T07:00,0.0
3440,2022-05-24T08:00,0.0
3441,2022-05-24T09:00,0.1
3442,2022-05-24T10:00,0.2
3443,2022-05-24T11:00,0.3
3444,2022-05-24T12:00,0.2
3445,2022-05-24T13:00,0.0
3446,2022-05-24T14:00,0.2
3447,2022-05-24T15:00,0.0
3448,2022-05-24T16:00,1.4
3449,2022-05-24T17:00,0.0
3450,2022-05-24T18:00,0.0
3451,2022-05-24T19:00,0.0
3452,2022-05-24T20:00,0.0
3453,2022-05-24T21:00,0.0
3454,2022-05-24T22:00,0.0
3455,2022-05-24T23:00,0.0
3456,2022-05-25T00:00,0.0
3457,2022-05-25T01:00,0.0
3458,2022-05-25T02:00,0.0
3459,2022-05-25T03:00,0.0
3460,2022-05-25T04:00,0.0
3461,2022-05-25T05:00,0.0
3462,2022-05-25T06:00,0.0
3463,2022-05-25T07:00,0.0
3464,2022-05-25T08:00,0.0
3465,2022-05-25T09:00,0.0
3466,2022-05-25T10:00,0.0
3467,2022-05-25T11:00,0.0
3468,2022-05-25T12:00,0.1
3469,2022-05-25T13:00,0.0
3470,2022-05-25T14:00,0.0
3471,2022-05-25T15:00,0.0
3472,2022-05-25T16:00,0.1
3473,2022-05-25T17:00,0.0
3474,2022-05-25T18:00,0.0
3475,2022-05-25T19:00,0.0
3476,2022-05-25T20:00,0.0
3477,2022-05-25T21:00,0.0
3478,2022-05-25T22:00,0.0
3479,2022-05-25T23:00,0.0
3480,2022-05-26T00:00,0.0
3481,2022-05-26T01:00,0.0
3482,2022-05-26T02:00,0.0
3483,2022-05-26T03:00,0.0
3484,2022-05-26T04:00,0.0
3485,2022-05-26T05:00,0.0
3486,2022-05-26T06:00,0.0
3487,2022-05-26T07:00,0.0
3488,2022-05-26T08:00,0.0
3489,2022-05-26T09:00,0.0
3490,2022-05-26T10:00,0.0
3491,2022-05-26T11:00,0.0
3492,2022-05-26T12:00,0.0
3493,2022-05-26T13:00,0.0
3494,2022-05-26T14:00,0.0
3495,2022-05-26T15:00,0.0
3496,2022-05-26T16:00,0.0
3497,2022-05-26T17:00,0.0
3498,2022-05-26T18:00,0.0
3499,2022-05-26T19:00,0.0
3500,2022-05-26T20:00,0.0
3501,2022-05-26T21:00,0.0
3502,2022-05-26T22:00,0.0
3503,2022-05-26T23:00,0.0
3504,2022-05-27T00:00,0.0
3505,2022-05-27T01:00,0.0
3506,2022-05-27T02:00,0.0
3507,2022-05-27T03:00,0.0
3508,2022-05-27T04:00,0.0
3509,2022-05-27T05:00,0.0
3510,2022-05-27T06:00,0.0
3511,2022-05-27T07:00,0.0
3512,2022-05-27T08:00,0.0
3513,2022-05-27T09:00,0.0
3514,2022-05-27T10:00,0.0
3515,2022-05-27T11:00,0.0
3516,2022-05-27T12:00,0.0
3517,2022-05-27T13:00,0.0
3518,2022-05-27T14:00,0.0
3519,2022-05-27T15:00,0.0
3520,2022-05-27T16:00,0.0
3521,2022-05-27T17:00,0.0
3522,2022-05-27T18:00,0.0
3523,2022-05-27T19:00,0.0
3524,2022-05-27T20:00,0.0
3525,2022-05-27T21:00,0.0
3526,2022-05-27T22:00,0.0
3527,2022-05-27T23:00,0.0
3528,2022-05-28T00:00,0.0
3529,2022-05-28T01:00,0.0
3530,2022-05-28T02:00,0.0
3531,2022-05-28T03:00,0.0
3532,2022-05-28T04:00,0.0
3533,2022-05-28T05:00,0.0
3534,2022-05-28T06:00,0.0
3535,2022-05-28T07:00,0.0
3536,2022-05-28T08:00,0.0
3537,2022-05-28T09:00,0.0
3538,2022-05-28T10:00,0.0
3539,2022-05-28T11:00,0.0
3540,2022-05-28T12:00,0.0
3541,2022-05-28T13:00,0.0
3542,2022-05-28T14:00,0.0
3543,2022-05-28T15:00,0.1
3544,2022-05-28T16:00,0.0
3545,2022-05-28T17:00,0.0
3546,2022-05-28T18:00,0.0
3547,2022-05-28T19:00,0.0
3548,2022-05-28T20:00,0.0
3549,2022-05-28T21:00,0.0
3550,2022-05-28T22:00,0.0
3551,2022-05-28T23:00,0.0
3552,2022-05-29T00:00,0.0
3553,2022-05-29T01:00,0.0
3554,2022-05-29T02:00,0.0
3555,2022-05-29T03:00,0.0
3556,2022-05-29T04:00,0.0
3557,2022-05-29T05:00,0.0
3558,2022-05-29T06:00,0.0
3559,2022-05-29T07:00,0.0
3560,2022-05-29T08:00,0.0
3561,2022-05-29T09:00,0.0
3562,2022-05-29T10:00,0.0
3563,2022-05-29T11:00,0.0
3564,2022-05-29T12:00,0.0
3565,2022-05-29T13:00,0.0
3566,2022-05-29T14:00,0.0
3567,2022-05-29T15:00,0.0
3568,2022-05-29T16:00,0.1
3569,2022-05-29T17:00,0.1
3570,2022-05-29T18:00,0.2
3571,2022-05-29T19:00,0.0
3572,2022-05-29T20:00,0.0
3573,2022-05-29T21:00,0.0
3574,2022-05-29T22:00,0.0
3575,2022-05-29T23:00,0.0
3576,2022-05-30T00:00,0.0
3577,2022-05-30T01:00,0.0
3578,2022-05-30T02:00,0.0
3579,2022-05-30T03:00,0.0
3580,2022-05-30T04:00,0.0
3581,2022-05-30T05:00,0.0
3582,2022-05-30T06:00,0.0
3583,2022-05-30T07:00,0.0
3584,2022-05-30T08:00,0.0
3585,2022-05-30T09:00,0.0
3586,2022-05-30T10:00,0.0
3587,2022-05-30T11:00,0.1
3588,2022-05-30T12:00,0.0
3589,2022-05-30T13:00,0.1
3590,2022-05-30T14:00,1.0
3591,2022-05-30T15:00,0.2
3592,2022-05-30T16:00,0.0
3593,2022-05-30T17:00,0.0
3594,2022-05-30T18:00,0.1
3595,2022-05-30T19:00,0.0
3596,2022-05-30T20:00,0.0
3597,2022-05-30T21:00,0.0
3598,2022-05-30T22:00,0.0
3599,2022-05-30T23:00,0.0
3600,2022-05-31T00:00,0.0
3601,2022-05-31T01:00,0.1
3602,2022-05-31T02:00,0.0
3603,2022-05-31T03:00,0.0
3604,2022-05-31T04:00,0.0
3605,2022-05-31T05:00,0.0
3606,2022-05-31T06:00,0.0
3607,2022-05-31T07:00,0.0
3608,2022-05-31T08:00,0.0
3609,2022-05-31T09:00,0.0
3610,2022-05-31T10:00,0.0
3611,2022-05-31T11:00,0.0
3612,2022-05-31T12:00,0.1
3613,2022-05-31T13:00,0.0
3614,2022-05-31T14:00,0.9
3615,2022-05-31T15:00,0.1
3616,2022-05-31T16:00,1.8
3617,2022-05-31T17:00,0.0
3618,2022-05-31T18:00,0.1
3619,2022-05-31T19:00,0.3
3620,2022-05-31T20:00,0.0
3621,2022-05-31T21:00,0.0
3622,2022-05-31T22:00,0.0
3623,2022-05-31T23:00,0.0
3624,2022-06-01T00:00,0.0
3625,2022-06-01T01:00,0.0
3626,2022-06-01T02:00,0.0
3627,2022-06-01T03:00,0.0
3628,2022-06-01T04:00,0.0
3629,2022-06-01T05:00,0.0
3630,2022-06-01T06:00,0.0
3631,2022-06-01T07:00,0.0
3632,2022-06-01T08:00,0.0
3633,2022-06-01T09:00,0.0
3634,2022-06-01T10:00,0.0
3635,2022-06-01T11:00,0.0
3636,2022-06-01T12:00,0.0
3637,2022-06-01T13:00,0.0
3638,2022-06-01T14:00,0.0
3639,2022-06-01T15:00,0.0
3640,2022-06-01T16:00,0.0
3641,2022-06-01T17:00,0.0
3642,2022-06-01T18:00,0.0
3643,2022-06-01T19:00,0.0
3644,2022-06-01T20:00,0.0
3645,2022-06-01T21:00,0.0
3646,2022-06-01T22:00,0.0
3647,2022-06-01T23:00,0.0
3648,2022-06-02T00:00,0.0
3649,2022-06-02T01:00,0.0
3650,2022-06-02T02:00,0.0
3651,2022-06-02T03:00,0.0
3652,2022-06-02T04:00,0.0
3653,2022-06-02T05:00,0.0
3654,2022-06-02T06:00,0.0
3655,2022-06-02T07:00,0.0
3656,2022-06-02T08:00,0.0
3657,2022-06-02T09:00,0.0
3658,2022-06-02T10:00,0.0
3659,2022-06-02T11:00,0.0
3660,2022-06-02T12:00,0.0
3661,2022-06-02T13:00,0.0
3662,2022-06-02T14:00,0.0
3663,2022-06-02T15:00,0.0
3664,2022-06-02T16:00,0.0
3665,2022-06-02T17:00,0.0
3666,2022-06-02T18:00,0.0
3667,2022-06-02T19:00,0.0
3668,2022-06-02T20:00,0.0
3669,2022-06-02T21:00,0.0
3670,2022-06-02T22:00,0.0
3671,2022-06-02T23:00,0.0
3672,2022-06-03T00:00,0.0
3673,2022-06-03T01:00,0.0
3674,2022-06-03T02:00,0.0
3675,2022-06-03T03:00,0.0
3676,2022-06-03T04:00,0.0
3677,2022-06-03T05:00,0.0
3678,2022-06-03T06:00,0.0
3679,2022-06-03T07:00,0.0
3680,2022-06-03T08:00,0.0
3681,2022-06-03T09:00,0.0
3682,2022-06-03T10:00,0.0
3683,2022-06-03T11:00,0.0
3684,2022-06-03T12:00,0.0
3685,2022-06-03T13:00,0.2
3686,2022-06-03T14:00,0.0
3687,2022-06-03T15:00,0.0
3688,2022-06-03T16:00,0.0
3689,2022-06-03T17:00,0.0
3690,2022-06-03T18:00,0.0
3691,2022-06-03T19:00,0.0
3692,2022-06-03T20:00,0.0
3693,2022-06-03T21:00,0.0
3694,2022-06-03T22:00,0.0
3695,2022-06-03T23:00,0.0
3696,2022-06-04T00:00,0.0
3697,2022-06-04T01:00,0.2
3698,2022-06-04T02:00,1.4
3699,2022-06-04T03:00,0.0
3700,2022-06-04T04:00,0.0
3701,2022-06-04T05:00,0.0
3702,2022-06-04T06:00,0.0
3703,2022-06-04T07:00,0.0
3704,2022-06-04T08:00,0.0
3705,2022-06-04T09:00,0.0
3706,2022-06-04T10:00,0.0
3707,2022-06-04T11:00,0.3
3708,2022-06-04T12:00,0.2
3709,2022-06-04T13:00,0.0
3710,2022-06-04T14:00,0.0
3711,2022-06-04T15:00,0.0
3712,2022-06-04T16:00,0.0
3713,2022-06-04T17:00,0.3
3714,2022-06-04T18:00,0.0
3715,2022-06-04T19:00,0.0
3716,2022-06-04T20:00,0.0
3717,2022-06-04T21:00,0.0
3718,2022-06-04T22:00,0.0
3719,2022-06-04T23:00,0.0
3720,2022-06-05T00:00,0.0
3721,2022-06-05T01:00,0.2
3722,2022-06-05T02:00,1.7
3723,2022-06-05T03:00,0.2
3724,2022-06-05T04:00,0.1
3725,2022-06-05T05:00,0.0
3726,2022-06-05T06:00,0.4
3727,2022-06-05T07:00,0.1
3728,2022-06-05T08:00,0.2
3729,2022-06-05T09:00,0.0
3730,2022-06-05T10:00,0.0
3731,2022-06-05T11:00,0.0
3732,2022-06-05T12:00,0.0
3733,2022-06-05T13:00,0.0
3734,2022-06-05T14:00,0.1
3735,2022-06-05T15:00,0.0
3736,2022-06-05T16:00,0.0
3737,2022-06-05T17:00,0.2
3738,2022-06-05T18:00,0.2
3739,2022-06-05T19:00,0.0
3740,2022-06-05T20:00,0.2
3741,2022-06-05T21:00,0.3
3742,2022-06-05T22:00,1.1
3743,2022-06-05T23:00,0.3
3744,2022-06-06T00:00,0.0
3745,2022-06-06T01:00,0.0
3746,2022-06-06T02:00,0.0
3747,2022-06-06T03:00,0.1
3748,2022-06-06T04:00,0.1
3749,2022-06-06T05:00,0.0
3750,2022-06-06T06:00,0.0
3751,2022-06-06T07:00,0.0
3752,2022-06-06T08:00,0.0
3753,2022-06-06T09:00,0.1
3754,2022-06-06T10:00,0.0
3755,2022-06-06T11:00,0.0
3756,2022-06-06T12:00,0.0
3757,2022-06-06T13:00,0.0
3758,2022-06-06T14:00,0.0
3759,2022-06-06T15:00,0.0
3760,2022-06-06T16:00,0.0
3761,2022-06-06T17:00,0.0
3762,2022-06-06T18:00,0.0
3763,2022-06-06T19:00,0.0
3764,2022-06-06T20:00,0.0
3765,2022-06-06T21:00,0.0
3766,2022-06-06T22:00,0.0
3767,2022-06-06T23:00,0.0
3768,2022-06-07T00:00,0.0
3769,2022-06-07T01:00,0.0
3770,2022-06-07T02:00,0.0
3771,2022-06-07T03:00,0.0
3772,2022-06-07T04:00,0.0
3773,2022-06-07T05:00,0.0
3774,2022-06-07T06:00,0.0
3775,2022-06-07T07:00,0.0
3776,2022-06-07T08:00,0.0
3777,2022-06-07T09:00,0.0
3778,2022-06-07T10:00,0.1
3779,2022-06-07T11:00,0.1
3780,2022-06-07T12:00,0.0
3781,2022-06-07T13:00,0.2
3782,2022-06-07T14:00,0.0
3783,2022-06-07T15:00,0.1
3784,2022-06-07T16:00,0.2
3785,2022-06-07T17:00,0.1
3786,2022-06-07T18:00,0.2
3787,2022-06-07T19:00,0.1
3788,2022-06-07T20:00,0.0
3789,2022-06-07T21:00,0.0
3790,2022-06-07T22:00,0.0
3791,2022-06-07T23:00,2.4
3792,2022-06-08T00:00,0.0
3793,2022-06-08T01:00,0.1
3794,2022-06-08T02:00,2.7
3795,2022-06-08T03:00,1.6
3796,2022-06-08T04:00,7.5
3797,2022-06-08T05:00,14.7
3798,2022-06-08T06:00,1.7
3799,2022-06-08T07:00,0.2
3800,2022-06-08T08:00,0.0
3801,2022-06-08T09:00,0.0
3802,2022-06-08T10:00,0.1
3803,2022-06-08T11:00,0.2
3804,2022-06-08T12:00,0.3
3805,2022-06-08T13:00,0.0
3806,2022-06-08T14:00,0.0
3807,2022-06-08T15:00,0.0
3808,2022-06-08T16:00,0.0
3809,2022-06-08T17:00,0.1
3810,2022-06-08T18:00,0.0
3811,2022-06-08T19:00,0.0
3812,2022-06-08T20:00,0.0
3813,2022-06-08T21:00,0.0
3814,2022-06-08T22:00,0.0
3815,2022-06-08T23:00,0.0
3816,2022-06-09T00:00,0.0
3817,2022-06-09T01:00,0.0
3818,2022-06-09T02:00,0.0
3819,2022-06-09T03:00,0.0
3820,2022-06-09T04:00,0.0
3821,2022-06-09T05:00,0.0
3822,2022-06-09T06:00,0.0
3823,2022-06-09T07:00,0.0
3824,2022-06-09T08:00,0.0
3825,2022-06-09T09:00,0.1
3826,2022-06-09T10:00,0.1
3827,2022-06-09T11:00,0.0
3828,2022-06-09T12:00,0.0
3829,2022-06-09T13:00,0.0
3830,2022-06-09T14:00,0.0
3831,2022-06-09T15:00,0.0
3832,2022-06-09T16:00,0.0
3833,2022-06-09T17:00,0.0
3834,2022-06-09T18:00,0.0
3835,2022-06-09T19:00,0.2
3836,2022-06-09T20:00,0.0
3837,2022-06-09T21:00,0.0
3838,2022-06-09T22:00,0.0
3839,2022-06-09T23:00,0.0
3840,2022-06-10T00:00,0.0
3841,2022-06-10T01:00,0.0
3842,2022-06-10T02:00,0.0
3843,2022-06-10T03:00,0.0
3844,2022-06-10T04:00,0.0
3845,2022-06-10T05:00,0.0
3846,2022-06-10T06:00,0.0
3847,2022-06-10T07:00,0.1
3848,2022-06-10T08:00,0.0
3849,2022-06-10T09:00,0.0
3850,2022-06-10T10:00,0.0
3851,2022-06-10T11:00,0.0
3852,2022-06-10T12:00,0.0
3853,2022-06-10T13:00,0.0
3854,2022-06-10T14:00,0.0
3855,2022-06-10T15:00,0.0
3856,2022-06-10T16:00,0.0
3857,2022-06-10T17:00,0.0
3858,2022-06-10T18:00,0.0
3859,2022-06-10T19:00,0.0
3860,2022-06-10T20:00,0.0
3861,2022-06-10T21:00,0.0
3862,2022-06-10T22:00,0.0
3863,2022-06-10T23:00,0.0
3864,2022-06-11T00:00,0.0
3865,2022-06-11T01:00,0.0
3866,2022-06-11T02:00,0.0
3867,2022-06-11T03:00,0.0
3868,2022-06-11T04:00,0.0
3869,2022-06-11T05:00,0.0
3870,2022-06-11T06:00,0.0
3871,2022-06-11T07:00,0.0
3872,2022-06-11T08:00,0.0
3873,2022-06-11T09:00,0.0
3874,2022-06-11T10:00,0.0
3875,2022-06-11T11:00,0.0
3876,2022-06-11T12:00,0.0
3877,2022-06-11T13:00,0.0
3878,2022-06-11T14:00,0.0
3879,2022-06-11T15:00,0.0
3880,2022-06-11T16:00,0.0
3881,2022-06-11T17:00,0.0
3882,2022-06-11T18:00,0.2
3883,2022-06-11T19:00,0.2
3884,2022-06-11T20:00,0.1
3885,2022-06-11T21:00,0.0
3886,2022-06-11T22:00,0.0
3887,2022-06-11T23:00,0.0
3888,2022-06-12T00:00,0.0
3889,2022-06-12T01:00,0.0
3890,2022-06-12T02:00,0.0
3891,2022-06-12T03:00,0.0
3892,2022-06-12T04:00,0.0
3893,2022-06-12T05:00,0.0
3894,2022-06-12T06:00,0.0
3895,2022-06-12T07:00,0.0
3896,2022-06-12T08:00,0.0
3897,2022-06-12T09:00,0.0
3898,2022-06-12T10:00,0.0
3899,2022-06-12T11:00,0.0
3900,2022-06-12T12:00,0.0
3901,2022-06-12T13:00,0.0
3902,2022-06-12T14:00,0.0
3903,2022-06-12T15:00,0.0
3904,2022-06-12T16:00,0.0
3905,2022-06-12T17:00,0.0
3906,2022-06-12T18:00,0.0
3907,2022-06-12T19:00,0.0
3908,2022-06-12T20:00,0.0
3909,2022-06-12T21:00,0.0
3910,2022-06-12T22:00,0.0
3911,2022-06-12T23:00,0.0
3912,2022-06-13T00:00,0.0
3913,2022-06-13T01:00,0.0
3914,2022-06-13T02:00,0.0
3915,2022-06-13T03:00,0.0
3916,2022-06-13T04:00,0.0
3917,2022-06-13T05:00,0.0
3918,2022-06-13T06:00,0.0
3919,2022-06-13T07:00,0.0
3920,2022-06-13T08:00,0.0
3921,2022-06-13T09:00,0.0
3922,2022-06-13T10:00,0.0
3923,2022-06-13T11:00,0.0
3924,2022-06-13T12:00,0.0
3925,2022-06-13T13:00,0.0
3926,2022-06-13T14:00,0.0
3927,2022-06-13T15:00,0.0
3928,2022-06-13T16:00,0.0
3929,2022-06-13T17:00,0.0
3930,2022-06-13T18:00,0.0
3931,2022-06-13T19:00,0.0
3932,2022-06-13T20:00,0.0
3933,2022-06-13T21:00,0.0
3934,2022-06-13T22:00,0.0
3935,2022-06-13T23:00,0.0
3936,2022-06-14T00:00,0.0
3937,2022-06-14T01:00,0.0
3938,2022-06-14T02:00,0.0
3939,2022-06-14T03:00,0.0
3940,2022-06-14T04:00,0.0
3941,2022-06-14T05:00,0.0
3942,2022-06-14T06:00,0.0
3943,2022-06-14T07:00,0.0
3944,2022-06-14T08:00,0.0
3945,2022-06-14T09:00,0.0
3946,2022-06-14T10:00,0.0
3947,2022-06-14T11:00,0.0
3948,2022-06-14T12:00,0.0
3949,2022-06-14T13:00,0.0
3950,2022-06-14T14:00,0.0
3951,2022-06-14T15:00,0.0
3952,2022-06-14T16:00,0.0
3953,2022-06-14T17:00,0.0
3954,2022-06-14T18:00,0.0
3955,2022-06-14T19:00,0.0
3956,2022-06-14T20:00,0.0
3957,2022-06-14T21:00,0.0
3958,2022-06-14T22:00,0.0
3959,2022-06-14T23:00,0.0
3960,2022-06-15T00:00,0.0
3961,2022-06-15T01:00,0.0
3962,2022-06-15T02:00,0.0
3963,2022-06-15T03:00,0.0
3964,2022-06-15T04:00,0.0
3965,2022-06-15T05:00,0.0
3966,2022-06-15T06:00,0.0
3967,2022-06-15T07:00,0.0
3968,2022-06-15T08:00,0.0
3969,2022-06-15T09:00,0.0
3970,2022-06-15T10:00,0.0
3971,2022-06-15T11:00,0.0
3972,2022-06-15T12:00,0.0
3973,2022-06-15T13:00,0.0
3974,2022-06-15T14:00,0.0
3975,2022-06-15T15:00,0.0
3976,2022-06-15T16:00,0.0
3977,2022-06-15T17:00,0.0
3978,2022-06-15T18:00,0.0
3979,2022-06-15T19:00,0.0
3980,2022-06-15T20:00,0.0
3981,2022-06-15T21:00,0.0
3982,2022-06-15T22:00,0.0
3983,2022-06-15T23:00,0.0
3984,2022-06-16T00:00,0.0
3985,2022-06-16T01:00,0.0
3986,2022-06-16T02:00,0.0
3987,2022-06-16T03:00,0.0
3988,2022-06-16T04:00,0.0
3989,2022-06-16T05:00,0.0
3990,2022-06-16T06:00,0.0
3991,2022-06-16T07:00,0.0
3992,2022-06-16T08:00,0.0
3993,2022-06-16T09:00,0.0
3994,2022-06-16T10:00,0.0
3995,2022-06-16T11:00,0.0
3996,2022-06-16T12:00,0.0
3997,2022-06-16T13:00,0.0
3998,2022-06-16T14:00,0.0
3999,2022-06-16T15:00,0.0
4000,2022-06-16T16:00,0.0
4001,2022-06-16T17:00,0.0
4002,2022-06-16T18:00,0.0
4003,2022-06-16T19:00,0.0
4004,2022-06-16T20:00,0.0
4005,2022-06-16T21:00,0.0
4006,2022-06-16T22:00,0.0
4007,2022-06-16T23:00,0.0
4008,2022-06-17T00:00,0.0
4009,2022-06-17T01:00,0.2
4010,2022-06-17T02:00,0.0
4011,2022-06-17T03:00,0.0
4012,2022-06-17T04:00,0.0
4013,2022-06-17T05:00,0.0
4014,2022-06-17T06:00,0.0
4015,2022-06-17T07:00,0.0
4016,2022-06-17T08:00,0.0
4017,2022-06-17T09:00,0.0
4018,2022-06-17T10:00,0.0
4019,2022-06-17T11:00,0.0
4020,2022-06-17T12:00,0.0
4021,2022-06-17T13:00,0.0
4022,2022-06-17T14:00,0.0
4023,2022-06-17T15:00,0.0
4024,2022-06-17T16:00,0.0
4025,2022-06-17T17:00,0.0
4026,2022-06-17T18:00,0.0
4027,2022-06-17T19:00,0.0
4028,2022-06-17T20:00,0.0
4029,2022-06-17T21:00,0.0
4030,2022-06-17T22:00,0.0
4031,2022-06-17T23:00,0.0
4032,2022-06-18T00:00,0.0
4033,2022-06-18T01:00,0.0
4034,2022-06-18T02:00,0.0
4035,2022-06-18T03:00,0.0
4036,2022-06-18T04:00,0.0
4037,2022-06-18T05:00,0.0
4038,2022-06-18T06:00,0.0
4039,2022-06-18T07:00,0.0
4040,2022-06-18T08:00,0.2
4041,2022-06-18T09:00,4.8
4042,2022-06-18T10:00,1.6
4043,2022-06-18T11:00,0.0
4044,2022-06-18T12:00,0.0
4045,2022-06-18T13:00,0.1
4046,2022-06-18T14:00,0.4
4047,2022-06-18T15:00,0.1
4048,2022-06-18T16:00,0.1
4049,2022-06-18T17:00,0.1
4050,2022-06-18T18:00,0.0
4051,2022-06-18T19:00,0.0
4052,2022-06-18T20:00,0.3
4053,2022-06-18T21:00,0.2
4054,2022-06-18T22:00,0.0
4055,2022-06-18T23:00,1.3
4056,2022-06-19T00:00,1.0
4057,2022-06-19T01:00,0.0
4058,2022-06-19T02:00,0.9
4059,2022-06-19T03:00,0.0
4060,2022-06-19T04:00,0.0
4061,2022-06-19T05:00,0.0
4062,2022-06-19T06:00,0.0
4063,2022-06-19T07:00,0.0
4064,2022-06-19T08:00,0.0
4065,2022-06-19T09:00,0.0
4066,2022-06-19T10:00,0.0
4067,2022-06-19T11:00,0.0
4068,2022-06-19T12:00,0.0
4069,2022-06-19T13:00,0.0
4070,2022-06-19T14:00,0.0
4071,2022-06-19T15:00,0.0
4072,2022-06-19T16:00,0.0
4073,2022-06-19T17:00,0.0
4074,2022-06-19T18:00,0.0
4075,2022-06-19T19:00,0.1
4076,2022-06-19T20:00,0.0
4077,2022-06-19T21:00,0.0
4078,2022-06-19T22:00,0.0
4079,2022-06-19T23:00,0.0
4080,2022-06-20T00:00,0.0
4081,2022-06-20T01:00,0.0
4082,2022-06-20T02:00,0.5
4083,2022-06-20T03:00,0.1
4084,2022-06-20T04:00,0.0
4085,2022-06-20T05:00,0.0
4086,2022-06-20T06:00,0.0
4087,2022-06-20T07:00,0.0
4088,2022-06-20T08:00,0.0
4089,2022-06-20T09:00,0.0
4090,2022-06-20T10:00,0.0
4091,2022-06-20T11:00,0.0
4092,2022-06-20T12:00,0.0
4093,2022-06-20T13:00,0.0
4094,2022-06-20T14:00,0.0
4095,2022-06-20T15:00,0.0
4096,2022-06-20T16:00,0.0
4097,2022-06-20T17:00,0.0
4098,2022-06-20T18:00,0.0
4099,2022-06-20T19:00,0.0
4100,2022-06-20T20:00,0.0
4101,2022-06-20T21:00,0.0
4102,2022-06-20T22:00,0.0
4103,2022-06-20T23:00,0.0
4104,2022-06-21T00:00,0.0
4105,2022-06-21T01:00,0.0
4106,2022-06-21T02:00,0.0
4107,2022-06-21T03:00,0.0
4108,2022-06-21T04:00,0.0
4109,2022-06-21T05:00,0.0
4110,2022-06-21T06:00,0.0
4111,2022-06-21T07:00,0.0
4112,2022-06-21T08:00,0.0
4113,2022-06-21T09:00,0.0
4114,2022-06-21T10:00,0.0
4115,2022-06-21T11:00,0.0
4116,2022-06-21T12:00,0.0
4117,2022-06-21T13:00,0.0
4118,2022-06-21T14:00,0.0
4119,2022-06-21T15:00,0.0
4120,2022-06-21T16:00,0.0
4121,2022-06-21T17:00,0.0
4122,2022-06-21T18:00,0.0
4123,2022-06-21T19:00,0.0
4124,2022-06-21T20:00,0.0
4125,2022-06-21T21:00,0.0
4126,2022-06-21T22:00,0.0
4127,2022-06-21T23:00,0.0
4128,2022-06-22T00:00,0.0
4129,2022-06-22T01:00,0.0
4130,2022-06-22T02:00,0.0
4131,2022-06-22T03:00,0.0
4132,2022-06-22T04:00,0.0
4133,2022-06-22T05:00,0.0
4134,2022-06-22T06:00,0.0
4135,2022-06-22T07:00,0.0
4136,2022-06-22T08:00,0.0
4137,2022-06-22T09:00,0.0
4138,2022-06-22T10:00,0.0
4139,2022-06-22T11:00,0.0
4140,2022-06-22T12:00,0.0
4141,2022-06-22T13:00,0.0
4142,2022-06-22T14:00,0.0
4143,2022-06-22T15:00,0.0
4144,2022-06-22T16:00,0.0
4145,2022-06-22T17:00,0.0
4146,2022-06-22T18:00,0.0
4147,2022-06-22T19:00,0.0
4148,2022-06-22T20:00,0.0
4149,2022-06-22T21:00,0.0
4150,2022-06-22T22:00,0.0
4151,2022-06-22T23:00,0.0
4152,2022-06-23T00:00,0.0
4153,2022-06-23T01:00,0.0
4154,2022-06-23T02:00,0.0
4155,2022-06-23T03:00,0.0
4156,2022-06-23T04:00,0.0
4157,2022-06-23T05:00,0.0
4158,2022-06-23T06:00,0.0
4159,2022-06-23T07:00,0.0
4160,2022-06-23T08:00,0.0
4161,2022-06-23T09:00,0.0
4162,2022-06-23T10:00,0.0
4163,2022-06-23T11:00,0.0
4164,2022-06-23T12:00,0.1
4165,2022-06-23T13:00,0.0
4166,2022-06-23T14:00,0.0
4167,2022-06-23T15:00,0.0
4168,2022-06-23T16:00,0.0
4169,2022-06-23T17:00,0.0
4170,2022-06-23T18:00,0.2
4171,2022-06-23T19:00,0.2
4172,2022-06-23T20:00,0.0
4173,2022-06-23T21:00,0.0
4174,2022-06-23T22:00,0.0
4175,2022-06-23T23:00,0.0
4176,2022-06-24T00:00,0.0
4177,2022-06-24T01:00,0.0
4178,2022-06-24T02:00,0.0
4179,2022-06-24T03:00,0.0
4180,2022-06-24T04:00,0.0
4181,2022-06-24T05:00,0.0
4182,2022-06-24T06:00,0.0
4183,2022-06-24T07:00,0.0
4184,2022-06-24T08:00,0.0
4185,2022-06-24T09:00,0.0
4186,2022-06-24T10:00,0.0
4187,2022-06-24T11:00,0.0
4188,2022-06-24T12:00,0.0
4189,2022-06-24T13:00,0.1
4190,2022-06-24T14:00,0.4
4191,2022-06-24T15:00,0.2
4192,2022-06-24T16:00,0.1
4193,2022-06-24T17:00,0.3
4194,2022-06-24T18:00,0.0
4195,2022-06-24T19:00,0.0
4196,2022-06-24T20:00,0.0
4197,2022-06-24T21:00,0.0
4198,2022-06-24T22:00,0.9
4199,2022-06-24T23:00,0.3
4200,2022-06-25T00:00,0.5
4201,2022-06-25T01:00,0.0
4202,2022-06-25T02:00,0.0
4203,2022-06-25T03:00,0.0
4204,2022-06-25T04:00,0.0
4205,2022-06-25T05:00,0.0
4206,2022-06-25T06:00,0.0
4207,2022-06-25T07:00,0.0
4208,2022-06-25T08:00,0.0
4209,2022-06-25T09:00,0.0
4210,2022-06-25T10:00,0.3
4211,2022-06-25T11:00,0.1
4212,2022-06-25T12:00,0.0
4213,2022-06-25T13:00,0.0
4214,2022-06-25T14:00,0.0
4215,2022-06-25T15:00,0.0
4216,2022-06-25T16:00,0.0
4217,2022-06-25T17:00,0.0
4218,2022-06-25T18:00,0.0
4219,2022-06-25T19:00,0.0
4220,2022-06-25T20:00,0.0
4221,2022-06-25T21:00,0.0
4222,2022-06-25T22:00,0.0
4223,2022-06-25T23:00,0.0
4224,2022-06-26T00:00,0.0
4225,2022-06-26T01:00,0.0
4226,2022-06-26T02:00,0.0
4227,2022-06-26T03:00,0.0
4228,2022-06-26T04:00,0.0
4229,2022-06-26T05:00,0.0
4230,2022-06-26T06:00,0.0
4231,2022-06-26T07:00,0.0
4232,2022-06-26T08:00,0.0
4233,2022-06-26T09:00,0.0
4234,2022-06-26T10:00,0.0
4235,2022-06-26T11:00,0.0
4236,2022-06-26T12:00,0.0
4237,2022-06-26T13:00,0.0
4238,2022-06-26T14:00,0.0
4239,2022-06-26T15:00,0.0
4240,2022-06-26T16:00,0.0
4241,2022-06-26T17:00,0.0
4242,2022-06-26T18:00,0.0
4243,2022-06-26T19:00,0.0
4244,2022-06-26T20:00,0.0
4245,2022-06-26T21:00,0.0
4246,2022-06-26T22:00,0.0
4247,2022-06-26T23:00,0.0
4248,2022-06-27T00:00,0.0
4249,2022-06-27T01:00,0.0
4250,2022-06-27T02:00,0.0
4251,2022-06-27T03:00,0.0
4252,2022-06-27T04:00,0.0
4253,2022-06-27T05:00,0.0
4254,2022-06-27T06:00,0.0
4255,2022-06-27T07:00,0.0
4256,2022-06-27T08:00,0.0
4257,2022-06-27T09:00,0.0
4258,2022-06-27T10:00,0.0
4259,2022-06-27T11:00,0.2
4260,2022-06-27T12:00,0.3
4261,2022-06-27T13:00,0.4
4262,2022-06-27T14:00,0.1
4263,2022-06-27T15:00,0.3
4264,2022-06-27T16:00,0.5
4265,2022-06-27T17:00,0.2
4266,2022-06-27T18:00,0.0
4267,2022-06-27T19:00,0.0
4268,2022-06-27T20:00,0.0
4269,2022-06-27T21:00,0.0
4270,2022-06-27T22:00,0.0
4271,2022-06-27T23:00,0.0
4272,2022-06-28T00:00,0.0
4273,2022-06-28T01:00,0.0
4274,2022-06-28T02:00,0.0
4275,2022-06-28T03:00,0.0
4276,2022-06-28T04:00,0.0
4277,2022-06-28T05:00,0.0
4278,2022-06-28T06:00,0.0
4279,2022-06-28T07:00,0.0
4280,2022-06-28T08:00,0.0
4281,2022-06-28T09:00,0.0
4282,2022-06-28T10:00,0.0
4283,2022-06-28T11:00,0.1
4284,2022-06-28T12:00,0.0
4285,2022-06-28T13:00,0.1
4286,2022-06-28T14:00,0.0
4287,2022-06-28T15:00,0.0
4288,2022-06-28T16:00,0.0
4289,2022-06-28T17:00,0.0
4290,2022-06-28T18:00,0.0
4291,2022-06-28T19:00,0.0
4292,2022-06-28T20:00,0.0
4293,2022-06-28T21:00,0.0
4294,2022-06-28T22:00,0.0
4295,2022-06-28T23:00,0.0
4296,2022-06-29T00:00,0.0
4297,2022-06-29T01:00,0.0
4298,2022-06-29T02:00,0.1
4299,2022-06-29T03:00,0.0
4300,2022-06-29T04:00,0.0
4301,2022-06-29T05:00,0.0
4302,2022-06-29T06:00,0.0
4303,2022-06-29T07:00,0.0
4304,2022-06-29T08:00,0.1
4305,2022-06-29T09:00,0.6
4306,2022-06-29T10:00,0.0
4307,2022-06-29T11:00,0.1
4308,2022-06-29T12:00,0.0
4309,2022-06-29T13:00,0.0
4310,2022-06-29T14:00,0.0
4311,2022-06-29T15:00,0.0
4312,2022-06-29T16:00,0.0
4313,2022-06-29T17:00,0.0
4314,2022-06-29T18:00,0.0
4315,2022-06-29T19:00,0.0
4316,2022-06-29T20:00,0.0
4317,2022-06-29T21:00,0.0
4318,2022-06-29T22:00,0.0
4319,2022-06-29T23:00,0.0
4320,2022-06-30T00:00,0.6
4321,2022-06-30T01:00,0.7
4322,2022-06-30T02:00,0.0
4323,2022-06-30T03:00,0.0
4324,2022-06-30T04:00,0.0
4325,2022-06-30T05:00,0.0
4326,2022-06-30T06:00,0.0
4327,2022-06-30T07:00,0.0
4328,2022-06-30T08:00,0.0
4329,2022-06-30T09:00,0.0
4330,2022-06-30T10:00,0.0
4331,2022-06-30T11:00,0.0
4332,2022-06-30T12:00,0.0
4333,2022-06-30T13:00,0.2
4334,2022-06-30T14:00,0.3
4335,2022-06-30T15:00,0.2
4336,2022-06-30T16:00,0.2
4337,2022-06-30T17:00,0.0
4338,2022-06-30T18:00,0.0
4339,2022-06-30T19:00,0.0
4340,2022-06-30T20:00,0.0
4341,2022-06-30T21:00,0.0
4342,2022-06-30T22:00,0.0
4343,2022-06-30T23:00,0.0
4344,2022-07-01T00:00,0.0
4345,2022-07-01T01:00,0.0
4346,2022-07-01T02:00,0.0
4347,2022-07-01T03:00,0.0
4348,2022-07-01T04:00,0.0
4349,2022-07-01T05:00,0.0
4350,2022-07-01T06:00,0.0
4351,2022-07-01T07:00,0.0
4352,2022-07-01T08:00,0.0
4353,2022-07-01T09:00,0.1
4354,2022-07-01T10:00,0.1
4355,2022-07-01T11:00,0.1
4356,2022-07-01T12:00,0.1
4357,2022-07-01T13:00,0.0
4358,2022-07-01T14:00,0.3
4359,2022-07-01T15:00,0.0
4360,2022-07-01T16:00,0.0
4361,2022-07-01T17:00,0.0
4362,2022-07-01T18:00,0.0
4363,2022-07-01T19:00,0.0
4364,2022-07-01T20:00,0.0
4365,2022-07-01T21:00,0.0
4366,2022-07-01T22:00,0.0
4367,2022-07-01T23:00,0.0
4368,2022-07-02T00:00,0.0
4369,2022-07-02T01:00,0.0
4370,2022-07-02T02:00,0.0
4371,2022-07-02T03:00,0.0
4372,2022-07-02T04:00,0.0
4373,2022-07-02T05:00,0.0
4374,2022-07-02T06:00,0.0
4375,2022-07-02T07:00,0.0
4376,2022-07-02T08:00,0.0
4377,2022-07-02T09:00,0.0
4378,2022-07-02T10:00,0.0
4379,2022-07-02T11:00,0.0
4380,2022-07-02T12:00,0.0
4381,2022-07-02T13:00,0.0
4382,2022-07-02T14:00,0.0
4383,2022-07-02T15:00,0.0
4384,2022-07-02T16:00,0.0
4385,2022-07-02T17:00,0.0
4386,2022-07-02T18:00,0.0
4387,2022-07-02T19:00,0.0
4388,2022-07-02T20:00,0.0
4389,2022-07-02T21:00,0.3
4390,2022-07-02T22:00,0.2
4391,2022-07-02T23:00,0.0
4392,2022-07-03T00:00,0.0
4393,2022-07-03T01:00,0.0
4394,2022-07-03T02:00,0.0
4395,2022-07-03T03:00,0.0
4396,2022-07-03T04:00,0.0
4397,2022-07-03T05:00,0.0
4398,2022-07-03T06:00,0.0
4399,2022-07-03T07:00,0.0
4400,2022-07-03T08:00,0.0
4401,2022-07-03T09:00,0.0
4402,2022-07-03T10:00,0.0
4403,2022-07-03T11:00,0.0
4404,2022-07-03T12:00,0.0
4405,2022-07-03T13:00,0.0
4406,2022-07-03T14:00,0.0
4407,2022-07-03T15:00,0.0
4408,2022-07-03T16:00,0.0
4409,2022-07-03T17:00,0.0
4410,2022-07-03T18:00,0.0
4411,2022-07-03T19:00,0.0
4412,2022-07-03T20:00,0.0
4413,2022-07-03T21:00,0.0
4414,2022-07-03T22:00,0.0
4415,2022-07-03T23:00,0.0
4416,2022-07-04T00:00,0.0
4417,2022-07-04T01:00,0.0
4418,2022-07-04T02:00,0.0
4419,2022-07-04T03:00,0.0
4420,2022-07-04T04:00,0.0
4421,2022-07-04T05:00,0.0
4422,2022-07-04T06:00,0.0
4423,2022-07-04T07:00,0.0
4424,2022-07-04T08:00,0.0
4425,2022-07-04T09:00,0.0
4426,2022-07-04T10:00,0.0
4427,2022-07-04T11:00,0.0
4428,2022-07-04T12:00,0.0
4429,2022-07-04T13:00,0.0
4430,2022-07-04T14:00,0.0
4431,2022-07-04T15:00,0.0
4432,2022-07-04T16:00,0.0
4433,2022-07-04T17:00,0.0
4434,2022-07-04T18:00,0.0
4435,2022-07-04T19:00,0.0
4436,2022-07-04T20:00,0.0
4437,2022-07-04T21:00,0.0
4438,2022-07-04T22:00,0.0
4439,2022-07-04T23:00,0.0
4440,2022-07-05T00:00,0.0
4441,2022-07-05T01:00,0.0
4442,2022-07-05T02:00,0.0
4443,2022-07-05T03:00,0.0
4444,2022-07-05T04:00,0.0
4445,2022-07-05T05:00,0.0
4446,2022-07-05T06:00,0.0
4447,2022-07-05T07:00,0.0
4448,2022-07-05T08:00,0.0
4449,2022-07-05T09:00,0.0
4450,2022-07-05T10:00,0.0
4451,2022-07-05T11:00,0.0
4452,2022-07-05T12:00,0.0
4453,2022-07-05T13:00,0.0
4454,2022-07-05T14:00,0.0
4455,2022-07-05T15:00,0.0
4456,2022-07-05T16:00,0.0
4457,2022-07-05T17:00,0.0
4458,2022-07-05T18:00,0.0
4459,2022-07-05T19:00,0.0
4460,2022-07-05T20:00,0.0
4461,2022-07-05T21:00,0.0
4462,2022-07-05T22:00,0.0
4463,2022-07-05T23:00,0.0
4464,2022-07-06T00:00,0.0
4465,2022-07-06T01:00,0.0
4466,2022-07-06T02:00,0.0
4467,2022-07-06T03:00,0.0
4468,2022-07-06T04:00,0.0
4469,2022-07-06T05:00,0.0
4470,2022-07-06T06:00,0.0
4471,2022-07-06T07:00,0.0
4472,2022-07-06T08:00,0.0
4473,2022-07-06T09:00,0.0
4474,2022-07-06T10:00,0.0
4475,2022-07-06T11:00,0.0
4476,2022-07-06T12:00,0.0
4477,2022-07-06T13:00,0.0
4478,2022-07-06T14:00,0.0
4479,2022-07-06T15:00,0.0
4480,2022-07-06T16:00,0.0
4481,2022-07-06T17:00,0.0
4482,2022-07-06T18:00,0.0
4483,2022-07-06T19:00,0.0
4484,2022-07-06T20:00,0.0
4485,2022-07-06T21:00,0.0
4486,2022-07-06T22:00,0.0
4487,2022-07-06T23:00,0.0
4488,2022-07-07T00:00,0.0
4489,2022-07-07T01:00,0.0
4490,2022-07-07T02:00,0.0
4491,2022-07-07T03:00,0.0
4492,2022-07-07T04:00,0.0
4493,2022-07-07T05:00,0.0
4494,2022-07-07T06:00,0.0
4495,2022-07-07T07:00,0.0
4496,2022-07-07T08:00,0.0
4497,2022-07-07T09:00,0.0
4498,2022-07-07T10:00,0.0
4499,2022-07-07T11:00,0.0
4500,2022-07-07T12:00,0.0
4501,2022-07-07T13:00,0.0
4502,2022-07-07T14:00,0.0
4503,2022-07-07T15:00,0.0
4504,2022-07-07T16:00,0.0
4505,2022-07-07T17:00,0.0
4506,2022-07-07T18:00,0.0
4507,2022-07-07T19:00,0.0
4508,2022-07-07T20:00,0.0
4509,2022-07-07T21:00,0.0
4510,2022-07-07T22:00,0.0
4511,2022-07-07T23:00,0.0
4512,2022-07-08T00:00,0.0
4513,2022-07-08T01:00,0.0
4514,2022-07-08T02:00,0.0
4515,2022-07-08T03:00,0.0
4516,2022-07-08T04:00,0.0
4517,2022-07-08T05:00,0.0
4518,2022-07-08T06:00,0.0
4519,2022-07-08T07:00,0.0
4520,2022-07-08T08:00,0.0
4521,2022-07-08T09:00,0.0
4522,2022-07-08T10:00,0.0
4523,2022-07-08T11:00,0.0
4524,2022-07-08T12:00,0.0
4525,2022-07-08T13:00,0.0
4526,2022-07-08T14:00,0.0
4527,2022-07-08T15:00,0.0
4528,2022-07-08T16:00,0.0
4529,2022-07-08T17:00,0.0
4530,2022-07-08T18:00,0.0
4531,2022-07-08T19:00,0.0
4532,2022-07-08T20:00,0.0
4533,2022-07-08T21:00,0.0
4534,2022-07-08T22:00,0.0
4535,2022-07-08T23:00,0.0
4536,2022-07-09T00:00,0.0
4537,2022-07-09T01:00,0.0
4538,2022-07-09T02:00,0.0
4539,2022-07-09T03:00,0.0
4540,2022-07-09T04:00,0.0
4541,2022-07-09T05:00,0.0
4542,2022-07-09T06:00,0.0
4543,2022-07-09T07:00,0.0
4544,2022-07-09T08:00,0.0
4545,2022-07-09T09:00,0.0
4546,2022-07-09T10:00,0.0
4547,2022-07-09T11:00,0.0
4548,2022-07-09T12:00,0.0
4549,2022-07-09T13:00,0.0
4550,2022-07-09T14:00,0.0
4551,2022-07-09T15:00,0.0
4552,2022-07-09T16:00,0.0
4553,2022-07-09T17:00,0.0
4554,2022-07-09T18:00,0.0
4555,2022-07-09T19:00,0.0
4556,2022-07-09T20:00,0.0
4557,2022-07-09T21:00,0.0
4558,2022-07-09T22:00,0.0
4559,2022-07-09T23:00,0.0
4560,2022-07-10T00:00,0.0
4561,2022-07-10T01:00,0.0
4562,2022-07-10T02:00,0.0
4563,2022-07-10T03:00,0.0
4564,2022-07-10T04:00,0.0
4565,2022-07-10T05:00,0.0
4566,2022-07-10T06:00,0.0
4567,2022-07-10T07:00,0.0
4568,2022-07-10T08:00,0.0
4569,2022-07-10T09:00,0.0
4570,2022-07-10T10:00,0.0
4571,2022-07-10T11:00,0.0
4572,2022-07-10T12:00,0.0
4573,2022-07-10T13:00,0.0
4574,2022-07-10T14:00,0.0
4575,2022-07-10T15:00,0.0
4576,2022-07-10T16:00,0.0
4577,2022-07-10T17:00,0.0
4578,2022-07-10T18:00,0.0
4579,2022-07-10T19:00,0.0
4580,2022-07-10T20:00,0.0
4581,2022-07-10T21:00,0.0
4582,2022-07-10T22:00,0.0
4583,2022-07-10T23:00,0.0
4584,2022-07-11T00:00,0.0
4585,2022-07-11T01:00,0.0
4586,2022-07-11T02:00,0.0
4587,2022-07-11T03:00,0.0
4588,2022-07-11T04:00,0.0
4589,2022-07-11T05:00,0.0
4590,2022-07-11T06:00,0.0
4591,2022-07-11T07:00,0.0
4592,2022-07-11T08:00,0.0
4593,2022-07-11T09:00,0.0
4594,2022-07-11T10:00,0.0
4595,2022-07-11T11:00,0.0
4596,2022-07-11T12:00,0.0
4597,2022-07-11T13:00,0.0
4598,2022-07-11T14:00,0.0
4599,2022-07-11T15:00,0.0
4600,2022-07-11T16:00,0.0
4601,2022-07-11T17:00,0.0
4602,2022-07-11T18:00,0.0
4603,2022-07-11T19:00,0.0
4604,2022-07-11T20:00,0.0
4605,2022-07-11T21:00,0.0
4606,2022-07-11T22:00,0.0
4607,2022-07-11T23:00,0.0
4608,2022-07-12T00:00,0.0
4609,2022-07-12T01:00,0.0
4610,2022-07-12T02:00,0.0
4611,2022-07-12T03:00,0.0
4612,2022-07-12T04:00,0.0
4613,2022-07-12T05:00,0.0
4614,2022-07-12T06:00,0.0
4615,2022-07-12T07:00,0.0
4616,2022-07-12T08:00,0.0
4617,2022-07-12T09:00,0.0
4618,2022-07-12T10:00,0.0
4619,2022-07-12T11:00,0.0
4620,2022-07-12T12:00,0.0
4621,2022-07-12T13:00,0.0
4622,2022-07-12T14:00,0.0
4623,2022-07-12T15:00,0.0
4624,2022-07-12T16:00,0.0
4625,2022-07-12T17:00,0.0
4626,2022-07-12T18:00,0.0
4627,2022-07-12T19:00,0.0
4628,2022-07-12T20:00,0.0
4629,2022-07-12T21:00,0.0
4630,2022-07-12T22:00,0.0
4631,2022-07-12T23:00,0.0
4632,2022-07-13T00:00,0.0
4633,2022-07-13T01:00,0.0
4634,2022-07-13T02:00,0.0
4635,2022-07-13T03:00,0.0
4636,2022-07-13T04:00,0.0
4637,2022-07-13T05:00,0.0
4638,2022-07-13T06:00,0.0
4639,2022-07-13T07:00,0.0
4640,2022-07-13T08:00,0.0
4641,2022-07-13T09:00,0.1
4642,2022-07-13T10:00,0.3
4643,2022-07-13T11:00,0.0
4644,2022-07-13T12:00,0.0
4645,2022-07-13T13:00,0.0
4646,2022-07-13T14:00,0.0
4647,2022-07-13T15:00,0.0
4648,2022-07-13T16:00,0.0
4649,2022-07-13T17:00,0.0
4650,2022-07-13T18:00,0.0
4651,2022-07-13T19:00,0.0
4652,2022-07-13T20:00,0.0
4653,2022-07-13T21:00,0.0
4654,2022-07-13T22:00,0.0
4655,2022-07-13T23:00,0.0
4656,2022-07-14T00:00,0.0
4657,2022-07-14T01:00,0.0
4658,2022-07-14T02:00,0.0
4659,2022-07-14T03:00,0.0
4660,2022-07-14T04:00,0.0
4661,2022-07-14T05:00,0.0
4662,2022-07-14T06:00,0.0
4663,2022-07-14T07:00,0.0
4664,2022-07-14T08:00,0.0
4665,2022-07-14T09:00,0.0
4666,2022-07-14T10:00,0.0
4667,2022-07-14T11:00,0.0
4668,2022-07-14T12:00,0.0
4669,2022-07-14T13:00,0.0
4670,2022-07-14T14:00,0.0
4671,2022-07-14T15:00,0.0
4672,2022-07-14T16:00,0.0
4673,2022-07-14T17:00,0.0
4674,2022-07-14T18:00,0.0
4675,2022-07-14T19:00,0.0
4676,2022-07-14T20:00,0.0
4677,2022-07-14T21:00,0.0
4678,2022-07-14T22:00,0.0
4679,2022-07-14T23:00,0.0
4680,2022-07-15T00:00,0.0
4681,2022-07-15T01:00,0.0
4682,2022-07-15T02:00,0.0
4683,2022-07-15T03:00,0.0
4684,2022-07-15T04:00,0.0
4685,2022-07-15T05:00,0.0
4686,2022-07-15T06:00,0.0
4687,2022-07-15T07:00,0.0
4688,2022-07-15T08:00,0.0
4689,2022-07-15T09:00,0.0
4690,2022-07-15T10:00,0.0
4691,2022-07-15T11:00,0.0
4692,2022-07-15T12:00,0.0
4693,2022-07-15T13:00,0.0
4694,2022-07-15T14:00,0.0
4695,2022-07-15T15:00,0.0
4696,2022-07-15T16:00,0.0
4697,2022-07-15T17:00,0.0
4698,2022-07-15T18:00,0.0
4699,2022-07-15T19:00,0.0
4700,2022-07-15T20:00,0.0
4701,2022-07-15T21:00,0.0
4702,2022-07-15T22:00,0.0
4703,2022-07-15T23:00,0.0
4704,2022-07-16T00:00,0.0
4705,2022-07-16T01:00,0.0
4706,2022-07-16T02:00,0.0
4707,2022-07-16T03:00,0.0
4708,2022-07-16T04:00,0.0
4709,2022-07-16T05:00,0.0
4710,2022-07-16T06:00,0.0
4711,2022-07-16T07:00,0.0
4712,2022-07-16T08:00,0.0
4713,2022-07-16T09:00,0.0
4714,2022-07-16T10:00,0.0
4715,2022-07-16T11:00,0.0
4716,2022-07-16T12:00,0.0
4717,2022-07-16T13:00,0.0
4718,2022-07-16T14:00,0.0
4719,2022-07-16T15:00,0.0
4720,2022-07-16T16:00,0.0
4721,2022-07-16T17:00,0.0
4722,2022-07-16T18:00,0.0
4723,2022-07-16T19:00,0.0
4724,2022-07-16T20:00,0.0
4725,2022-07-16T21:00,0.0
4726,2022-07-16T22:00,0.0
4727,2022-07-16T23:00,0.0
4728,2022-07-17T00:00,0.0
4729,2022-07-17T01:00,0.0
4730,2022-07-17T02:00,0.0
4731,2022-07-17T03:00,0.0
4732,2022-07-17T04:00,0.0
4733,2022-07-17T05:00,0.0
4734,2022-07-17T06:00,0.0
4735,2022-07-17T07:00,0.0
4736,2022-07-17T08:00,0.0
4737,2022-07-17T09:00,0.0
4738,2022-07-17T10:00,0.0
4739,2022-07-17T11:00,0.0
4740,2022-07-17T12:00,0.0
4741,2022-07-17T13:00,0.0
4742,2022-07-17T14:00,0.0
4743,2022-07-17T15:00,0.0
4744,2022-07-17T16:00,0.0
4745,2022-07-17T17:00,0.0
4746,2022-07-17T18:00,0.0
4747,2022-07-17T19:00,0.0
4748,2022-07-17T20:00,0.0
4749,2022-07-17T21:00,0.0
4750,2022-07-17T22:00,0.0
4751,2022-07-17T23:00,0.0
4752,2022-07-18T00:00,0.0
4753,2022-07-18T01:00,0.0
4754,2022-07-18T02:00,0.0
4755,2022-07-18T03:00,0.0
4756,2022-07-18T04:00,0.0
4757,2022-07-18T05:00,0.0
4758,2022-07-18T06:00,0.0
4759,2022-07-18T07:00,0.0
4760,2022-07-18T08:00,0.0
4761,2022-07-18T09:00,0.0
4762,2022-07-18T10:00,0.0
4763,2022-07-18T11:00,0.0
4764,2022-07-18T12:00,0.0
4765,2022-07-18T13:00,0.0
4766,2022-07-18T14:00,0.0
4767,2022-07-18T15:00,0.0
4768,2022-07-18T16:00,0.0
4769,2022-07-18T17:00,0.0
4770,2022-07-18T18:00,0.0
4771,2022-07-18T19:00,0.0
4772,2022-07-18T20:00,0.0
4773,2022-07-18T21:00,0.0
4774,2022-07-18T22:00,0.0
4775,2022-07-18T23:00,0.0
4776,2022-07-19T00:00,0.0
4777,2022-07-19T01:00,0.0
4778,2022-07-19T02:00,0.0
4779,2022-07-19T03:00,0.0
4780,2022-07-19T04:00,0.0
4781,2022-07-19T05:00,0.0
4782,2022-07-19T06:00,0.0
4783,2022-07-19T07:00,0.0
4784,2022-07-19T08:00,0.0
4785,2022-07-19T09:00,0.0
4786,2022-07-19T10:00,0.0
4787,2022-07-19T11:00,0.0
4788,2022-07-19T12:00,0.0
4789,2022-07-19T13:00,0.0
4790,2022-07-19T14:00,0.0
4791,2022-07-19T15:00,0.0
4792,2022-07-19T16:00,0.0
4793,2022-07-19T17:00,0.0
4794,2022-07-19T18:00,0.0
4795,2022-07-19T19:00,0.0
4796,2022-07-19T20:00,0.4
4797,2022-07-19T21:00,0.5
4798,2022-07-19T22:00,0.0
4799,2022-07-19T23:00,0.0
4800,2022-07-20T00:00,0.0
4801,2022-07-20T01:00,0.0
4802,2022-07-20T02:00,0.0
4803,2022-07-20T03:00,0.0
4804,2022-07-20T04:00,0.0
4805,2022-07-20T05:00,0.0
4806,2022-07-20T06:00,0.0
4807,2022-07-20T07:00,0.0
4808,2022-07-20T08:00,0.0
4809,2022-07-20T09:00,0.0
4810,2022-07-20T10:00,0.0
4811,2022-07-20T11:00,0.0
4812,2022-07-20T12:00,0.0
4813,2022-07-20T13:00,0.1
4814,2022-07-20T14:00,0.1
4815,2022-07-20T15:00,0.1
4816,2022-07-20T16:00,0.0
4817,2022-07-20T17:00,0.2
4818,2022-07-20T18:00,0.2
4819,2022-07-20T19:00,0.0
4820,2022-07-20T20:00,0.2
4821,2022-07-20T21:00,0.6
4822,2022-07-20T22:00,0.2
4823,2022-07-20T23:00,0.0
4824,2022-07-21T00:00,0.0
4825,2022-07-21T01:00,0.0
4826,2022-07-21T02:00,0.0
4827,2022-07-21T03:00,0.0
4828,2022-07-21T04:00,0.0
4829,2022-07-21T05:00,0.0
4830,2022-07-21T06:00,0.0
4831,2022-07-21T07:00,0.0
4832,2022-07-21T08:00,0.0
4833,2022-07-21T09:00,0.0
4834,2022-07-21T10:00,0.0
4835,2022-07-21T11:00,0.0
4836,2022-07-21T12:00,0.0
4837,2022-07-21T13:00,0.0
4838,2022-07-21T14:00,0.0
4839,2022-07-21T15:00,0.0
4840,2022-07-21T16:00,0.0
4841,2022-07-21T17:00,0.0
4842,2022-07-21T18:00,0.0
4843,2022-07-21T19:00,0.3
4844,2022-07-21T20:00,0.1
4845,2022-07-21T21:00,0.0
4846,2022-07-21T22:00,0.1
4847,2022-07-21T23:00,0.1
4848,2022-07-22T00:00,0.2
4849,2022-07-22T01:00,0.1
4850,2022-07-22T02:00,0.0
4851,2022-07-22T03:00,0.0
4852,2022-07-22T04:00,0.6
4853,2022-07-22T05:00,1.0
4854,2022-07-22T06:00,0.2
4855,2022-07-22T07:00,0.0
4856,2022-07-22T08:00,0.0
4857,2022-07-22T09:00,0.0
4858,2022-07-22T10:00,0.0
4859,2022-07-22T11:00,0.0
4860,2022-07-22T12:00,0.0
4861,2022-07-22T13:00,0.0
4862,2022-07-22T14:00,0.2
4863,2022-07-22T15:00,0.0
4864,2022-07-22T16:00,0.2
4865,2022-07-22T17:00,0.0
4866,2022-07-22T18:00,0.0
4867,2022-07-22T19:00,0.0
4868,2022-07-22T20:00,0.0
4869,2022-07-22T21:00,0.0
4870,2022-07-22T22:00,0.0
4871,2022-07-22T23:00,0.0
4872,2022-07-23T00:00,0.1
4873,2022-07-23T01:00,0.0
4874,2022-07-23T02:00,0.0
4875,2022-07-23T03:00,0.0
4876,2022-07-23T04:00,0.0
4877,2022-07-23T05:00,0.0
4878,2022-07-23T06:00,0.0
4879,2022-07-23T07:00,0.0
4880,2022-07-23T08:00,0.0
4881,2022-07-23T09:00,0.0
4882,2022-07-23T10:00,0.0
4883,2022-07-23T11:00,0.0
4884,2022-07-23T12:00,0.0
4885,2022-07-23T13:00,0.0
4886,2022-07-23T14:00,0.0
4887,2022-07-23T15:00,0.0
4888,2022-07-23T16:00,0.0
4889,2022-07-23T17:00,0.0
4890,2022-07-23T18:00,0.0
4891,2022-07-23T19:00,0.0
4892,2022-07-23T20:00,0.0
4893,2022-07-23T21:00,0.0
4894,2022-07-23T22:00,0.0
4895,2022-07-23T23:00,0.0
4896,2022-07-24T00:00,0.0
4897,2022-07-24T01:00,0.0
4898,2022-07-24T02:00,0.1
4899,2022-07-24T03:00,0.0
4900,2022-07-24T04:00,0.0
4901,2022-07-24T05:00,0.0
4902,2022-07-24T06:00,0.0
4903,2022-07-24T07:00,0.0
4904,2022-07-24T08:00,0.0
4905,2022-07-24T09:00,0.0
4906,2022-07-24T10:00,0.0
4907,2022-07-24T11:00,0.0
4908,2022-07-24T12:00,0.0
4909,2022-07-24T13:00,0.0
4910,2022-07-24T14:00,0.0
4911,2022-07-24T15:00,0.0
4912,2022-07-24T16:00,0.0
4913,2022-07-24T17:00,0.0
4914,2022-07-24T18:00,1.0
4915,2022-07-24T19:00,1.1
4916,2022-07-24T20:00,0.6
4917,2022-07-24T21:00,1.3
4918,2022-07-24T22:00,0.0
4919,2022-07-24T23:00,0.0
4920,2022-07-25T00:00,0.0
4921,2022-07-25T01:00,0.0
4922,2022-07-25T02:00,0.0
4923,2022-07-25T03:00,0.0
4924,2022-07-25T04:00,0.0
4925,2022-07-25T05:00,0.0
4926,2022-07-25T06:00,0.0
4927,2022-07-25T07:00,0.0
4928,2022-07-25T08:00,0.0
4929,2022-07-25T09:00,0.0
4930,2022-07-25T10:00,0.0
4931,2022-07-25T11:00,0.0
4932,2022-07-25T12:00,0.0
4933,2022-07-25T13:00,0.0
4934,2022-07-25T14:00,0.0
4935,2022-07-25T15:00,0.0
4936,2022-07-25T16:00,0.0
4937,2022-07-25T17:00,0.0
4938,2022-07-25T18:00,0.0
4939,2022-07-25T19:00,0.0
4940,2022-07-25T20:00,0.0
4941,2022-07-25T21:00,0.0
4942,2022-07-25T22:00,0.0
4943,2022-07-25T23:00,0.0
4944,2022-07-26T00:00,0.0
4945,2022-07-26T01:00,0.0
4946,2022-07-26T02:00,0.0
4947,2022-07-26T03:00,0.0
4948,2022-07-26T04:00,0.0
4949,2022-07-26T05:00,0.0
4950,2022-07-26T06:00,0.0
4951,2022-07-26T07:00,0.0
4952,2022-07-26T08:00,0.0
4953,2022-07-26T09:00,0.0
4954,2022-07-26T10:00,0.0
4955,2022-07-26T11:00,0.0
4956,2022-07-26T12:00,0.0
4957,2022-07-26T13:00,0.1
4958,2022-07-26T14:00,0.0
4959,2022-07-26T15:00,0.0
4960,2022-07-26T16:00,0.0
4961,2022-07-26T17:00,0.0
4962,2022-07-26T18:00,0.0
4963,2022-07-26T19:00,0.0
4964,2022-07-26T20:00,0.0
4965,2022-07-26T21:00,0.1
4966,2022-07-26T22:00,0.0
4967,2022-07-26T23:00,0.0
4968,2022-07-27T00:00,0.0
4969,2022-07-27T01:00,0.0
4970,2022-07-27T02:00,0.0
4971,2022-07-27T03:00,0.0
4972,2022-07-27T04:00,0.0
4973,2022-07-27T05:00,0.0
4974,2022-07-27T06:00,0.0
4975,2022-07-27T07:00,0.0
4976,2022-07-27T08:00,0.0
4977,2022-07-27T09:00,0.0
4978,2022-07-27T10:00,0.0
4979,2022-07-27T11:00,0.0
4980,2022-07-27T12:00,0.1
4981,2022-07-27T13:00,0.0
4982,2022-07-27T14:00,0.0
4983,2022-07-27T15:00,0.0
4984,2022-07-27T16:00,0.0
4985,2022-07-27T17:00,0.0
4986,2022-07-27T18:00,0.0
4987,2022-07-27T19:00,0.0
4988,2022-07-27T20:00,0.0
4989,2022-07-27T21:00,0.0
4990,2022-07-27T22:00,0.0
4991,2022-07-27T23:00,0.0
4992,2022-07-28T00:00,0.0
4993,2022-07-28T01:00,0.0
4994,2022-07-28T02:00,0.0
4995,2022-07-28T03:00,0.0
4996,2022-07-28T04:00,0.0
4997,2022-07-28T05:00,0.0
4998,2022-07-28T06:00,0.0
4999,2022-07-28T07:00,0.0
5000,2022-07-28T08:00,0.0
5001,2022-07-28T09:00,0.0
5002,2022-07-28T10:00,0.0
5003,2022-07-28T11:00,0.0
5004,2022-07-28T12:00,0.0
5005,2022-07-28T13:00,0.0
5006,2022-07-28T14:00,1.4
5007,2022-07-28T15:00,0.2
5008,2022-07-28T16:00,0.0
5009,2022-07-28T17:00,0.0
5010,2022-07-28T18:00,0.0
5011,2022-07-28T19:00,0.0
5012,2022-07-28T20:00,0.0
5013,2022-07-28T21:00,0.0
5014,2022-07-28T22:00,0.0
5015,2022-07-28T23:00,0.0
5016,2022-07-29T00:00,0.0
5017,2022-07-29T01:00,0.0
5018,2022-07-29T02:00,0.0
5019,2022-07-29T03:00,0.0
5020,2022-07-29T04:00,0.0
5021,2022-07-29T05:00,0.0
5022,2022-07-29T06:00,0.0
5023,2022-07-29T07:00,0.0
5024,2022-07-29T08:00,0.0
5025,2022-07-29T09:00,0.0
5026,2022-07-29T10:00,0.0
5027,2022-07-29T11:00,0.0
5028,2022-07-29T12:00,0.0
5029,2022-07-29T13:00,0.0
5030,2022-07-29T14:00,0.0
5031,2022-07-29T15:00,0.0
5032,2022-07-29T16:00,0.0
5033,2022-07-29T17:00,0.0
5034,2022-07-29T18:00,0.0
5035,2022-07-29T19:00,0.0
5036,2022-07-29T20:00,0.0
5037,2022-07-29T21:00,0.0
5038,2022-07-29T22:00,0.0
5039,2022-07-29T23:00,0.0
5040,2022-07-30T00:00,0.0
5041,2022-07-30T01:00,0.0
5042,2022-07-30T02:00,0.0
5043,2022-07-30T03:00,0.0
5044,2022-07-30T04:00,0.0
5045,2022-07-30T05:00,0.0
5046,2022-07-30T06:00,0.0
5047,2022-07-30T07:00,0.0
5048,2022-07-30T08:00,0.0
5049,2022-07-30T09:00,0.0
5050,2022-07-30T10:00,0.0
5051,2022-07-30T11:00,0.0
5052,2022-07-30T12:00,0.0
5053,2022-07-30T13:00,0.0
5054,2022-07-30T14:00,0.0
5055,2022-07-30T15:00,0.0
5056,2022-07-30T16:00,0.0
5057,2022-07-30T17:00,0.0
5058,2022-07-30T18:00,0.0
5059,2022-07-30T19:00,0.0
5060,2022-07-30T20:00,0.0
5061,2022-07-30T21:00,0.0
5062,2022-07-30T22:00,0.0
5063,2022-07-30T23:00,0.0
5064,2022-07-31T00:00,0.0
5065,2022-07-31T01:00,0.0
5066,2022-07-31T02:00,0.0
5067,2022-07-31T03:00,0.0
5068,2022-07-31T04:00,0.0
5069,2022-07-31T05:00,0.0
5070,2022-07-31T06:00,0.0
5071,2022-07-31T07:00,0.0
5072,2022-07-31T08:00,0.0
5073,2022-07-31T09:00,0.0
5074,2022-07-31T10:00,0.0
5075,2022-07-31T11:00,0.0
5076,2022-07-31T12:00,0.0
5077,2022-07-31T13:00,0.0
5078,2022-07-31T14:00,0.2
5079,2022-07-31T15:00,0.0
5080,2022-07-31T16:00,0.2
5081,2022-07-31T17:00,0.1
5082,2022-07-31T18:00,0.1
5083,2022-07-31T19:00,0.0
5084,2022-07-31T20:00,0.0
5085,2022-07-31T21:00,0.0
5086,2022-07-31T22:00,0.0
5087,2022-07-31T23:00,0.0
5088,2022-08-01T00:00,0.0
5089,2022-08-01T01:00,0.0
5090,2022-08-01T02:00,0.0
5091,2022-08-01T03:00,0.0
5092,2022-08-01T04:00,0.0
5093,2022-08-01T05:00,0.0
5094,2022-08-01T06:00,0.0
5095,2022-08-01T07:00,0.0
5096,2022-08-01T08:00,0.0
5097,2022-08-01T09:00,0.0
5098,2022-08-01T10:00,0.0
5099,2022-08-01T11:00,0.0
5100,2022-08-01T12:00,0.0
5101,2022-08-01T13:00,0.0
5102,2022-08-01T14:00,0.0
5103,2022-08-01T15:00,0.0
5104,2022-08-01T16:00,0.0
5105,2022-08-01T17:00,0.0
5106,2022-08-01T18:00,0.0
5107,2022-08-01T19:00,0.0
5108,2022-08-01T20:00,0.0
5109,2022-08-01T21:00,0.0
5110,2022-08-01T22:00,0.0
5111,2022-08-01T23:00,0.0
5112,2022-08-02T00:00,0.0
5113,2022-08-02T01:00,0.0
5114,2022-08-02T02:00,0.0
5115,2022-08-02T03:00,0.0
5116,2022-08-02T04:00,0.0
5117,2022-08-02T05:00,0.0
5118,2022-08-02T06:00,0.0
5119,2022-08-02T07:00,0.0
5120,2022-08-02T08:00,0.0
5121,2022-08-02T09:00,0.0
5122,2022-08-02T10:00,0.0
5123,2022-08-02T11:00,0.0
5124,2022-08-02T12:00,0.0
5125,2022-08-02T13:00,0.0
5126,2022-08-02T14:00,0.2
5127,2022-08-02T15:00,0.0
5128,2022-08-02T16:00,0.0
5129,2022-08-02T17:00,0.0
5130,2022-08-02T18:00,0.0
5131,2022-08-02T19:00,0.0
5132,2022-08-02T20:00,0.0
5133,2022-08-02T21:00,0.0
5134,2022-08-02T22:00,0.0
5135,2022-08-02T23:00,0.0
5136,2022-08-03T00:00,0.0
5137,2022-08-03T01:00,0.0
5138,2022-08-03T02:00,0.0
5139,2022-08-03T03:00,0.0
5140,2022-08-03T04:00,0.0
5141,2022-08-03T05:00,0.0
5142,2022-08-03T06:00,0.0
5143,2022-08-03T07:00,0.0
5144,2022-08-03T08:00,0.0
5145,2022-08-03T09:00,0.0
5146,2022-08-03T10:00,0.0
5147,2022-08-03T11:00,0.0
5148,2022-08-03T12:00,0.0
5149,2022-08-03T13:00,0.0
5150,2022-08-03T14:00,0.0
5151,2022-08-03T15:00,0.0
5152,2022-08-03T16:00,0.0
5153,2022-08-03T17:00,0.0
5154,2022-08-03T18:00,0.0
5155,2022-08-03T19:00,0.0
5156,2022-08-03T20:00,0.0
5157,2022-08-03T21:00,0.0
5158,2022-08-03T22:00,0.0
5159,2022-08-03T23:00,0.0
5160,2022-08-04T00:00,0.0
5161,2022-08-04T01:00,0.0
5162,2022-08-04T02:00,0.0
5163,2022-08-04T03:00,0.0
5164,2022-08-04T04:00,0.0
5165,2022-08-04T05:00,0.0
5166,2022-08-04T06:00,0.0
5167,2022-08-04T07:00,0.0
5168,2022-08-04T08:00,0.0
5169,2022-08-04T09:00,0.0
5170,2022-08-04T10:00,0.0
5171,2022-08-04T11:00,0.0
5172,2022-08-04T12:00,0.0
5173,2022-08-04T13:00,0.0
5174,2022-08-04T14:00,0.0
5175,2022-08-04T15:00,0.0
5176,2022-08-04T16:00,0.0
5177,2022-08-04T17:00,0.0
5178,2022-08-04T18:00,0.0
5179,2022-08-04T19:00,0.0
5180,2022-08-04T20:00,0.0
5181,2022-08-04T21:00,0.0
5182,2022-08-04T22:00,0.0
5183,2022-08-04T23:00,0.0
5184,2022-08-05T00:00,0.0
5185,2022-08-05T01:00,0.0
5186,2022-08-05T02:00,0.0
5187,2022-08-05T03:00,0.0
5188,2022-08-05T04:00,0.0
5189,2022-08-05T05:00,0.0
5190,2022-08-05T06:00,0.0
5191,2022-08-05T07:00,0.0
5192,2022-08-05T08:00,0.0
5193,2022-08-05T09:00,0.0
5194,2022-08-05T10:00,0.0
5195,2022-08-05T11:00,0.0
5196,2022-08-05T12:00,0.0
5197,2022-08-05T13:00,0.0
5198,2022-08-05T14:00,0.0
5199,2022-08-05T15:00,0.0
5200,2022-08-05T16:00,0.0
5201,2022-08-05T17:00,0.0
5202,2022-08-05T18:00,0.0
5203,2022-08-05T19:00,0.0
5204,2022-08-05T20:00,0.0
5205,2022-08-05T21:00,0.0
5206,2022-08-05T22:00,0.0
5207,2022-08-05T23:00,0.0
5208,2022-08-06T00:00,0.0
5209,2022-08-06T01:00,0.0
5210,2022-08-06T02:00,0.0
5211,2022-08-06T03:00,0.0
5212,2022-08-06T04:00,0.0
5213,2022-08-06T05:00,0.0
5214,2022-08-06T06:00,0.0
5215,2022-08-06T07:00,0.0
5216,2022-08-06T08:00,0.0
5217,2022-08-06T09:00,0.0
5218,2022-08-06T10:00,0.0
5219,2022-08-06T11:00,0.0
5220,2022-08-06T12:00,0.0
5221,2022-08-06T13:00,0.0
5222,2022-08-06T14:00,0.0
5223,2022-08-06T15:00,0.0
5224,2022-08-06T16:00,0.0
5225,2022-08-06T17:00,0.0
5226,2022-08-06T18:00,0.0
5227,2022-08-06T19:00,0.0
5228,2022-08-06T20:00,0.0
5229,2022-08-06T21:00,0.0
5230,2022-08-06T22:00,0.0
5231,2022-08-06T23:00,0.0
5232,2022-08-07T00:00,0.0
5233,2022-08-07T01:00,0.0
5234,2022-08-07T02:00,0.0
5235,2022-08-07T03:00,0.0
5236,2022-08-07T04:00,0.0
5237,2022-08-07T05:00,0.0
5238,2022-08-07T06:00,0.0
5239,2022-08-07T07:00,0.0
5240,2022-08-07T08:00,0.0
5241,2022-08-07T09:00,0.0
5242,2022-08-07T10:00,0.0
5243,2022-08-07T11:00,0.0
5244,2022-08-07T12:00,0.0
5245,2022-08-07T13:00,0.0
5246,2022-08-07T14:00,0.0
5247,2022-08-07T15:00,0.0
5248,2022-08-07T16:00,0.0
5249,2022-08-07T17:00,0.0
5250,2022-08-07T18:00,0.0
5251,2022-08-07T19:00,0.0
5252,2022-08-07T20:00,0.0
5253,2022-08-07T21:00,0.0
5254,2022-08-07T22:00,0.0
5255,2022-08-07T23:00,0.0
5256,2022-08-08T00:00,0.0
5257,2022-08-08T01:00,0.0
5258,2022-08-08T02:00,0.0
5259,2022-08-08T03:00,0.0
5260,2022-08-08T04:00,0.0
5261,2022-08-08T05:00,0.0
5262,2022-08-08T06:00,0.0
5263,2022-08-08T07:00,0.0
5264,2022-08-08T08:00,0.0
5265,2022-08-08T09:00,0.0
5266,2022-08-08T10:00,0.0
5267,2022-08-08T11:00,0.0
5268,2022-08-08T12:00,0.0
5269,2022-08-08T13:00,0.0
5270,2022-08-08T14:00,0.0
5271,2022-08-08T15:00,0.0
5272,2022-08-08T16:00,0.0
5273,2022-08-08T17:00,0.0
5274,2022-08-08T18:00,0.0
5275,2022-08-08T19:00,0.0
5276,2022-08-08T20:00,0.0
5277,2022-08-08T21:00,0.0
5278,2022-08-08T22:00,0.0
5279,2022-08-08T23:00,0.0
5280,2022-08-09T00:00,0.0
5281,2022-08-09T01:00,0.0
5282,2022-08-09T02:00,0.0
5283,2022-08-09T03:00,0.0
5284,2022-08-09T04:00,0.0
5285,2022-08-09T05:00,0.0
5286,2022-08-09T06:00,0.0
5287,2022-08-09T07:00,0.0
5288,2022-08-09T08:00,0.0
5289,2022-08-09T09:00,0.0
5290,2022-08-09T10:00,0.0
5291,2022-08-09T11:00,0.0
5292,2022-08-09T12:00,0.0
5293,2022-08-09T13:00,0.0
5294,2022-08-09T14:00,0.0
5295,2022-08-09T15:00,0.0
5296,2022-08-09T16:00,0.0
5297,2022-08-09T17:00,0.0
5298,2022-08-09T18:00,0.0
5299,2022-08-09T19:00,0.0
5300,2022-08-09T20:00,0.0
5301,2022-08-09T21:00,0.0
5302,2022-08-09T22:00,0.0
5303,2022-08-09T23:00,0.0
5304,2022-08-10T00:00,0.0
5305,2022-08-10T01:00,0.0
5306,2022-08-10T02:00,0.0
5307,2022-08-10T03:00,0.0
5308,2022-08-10T04:00,0.0
5309,2022-08-10T05:00,0.0
5310,2022-08-10T06:00,0.0
5311,2022-08-10T07:00,0.0
5312,2022-08-10T08:00,0.0
5313,2022-08-10T09:00,0.0
5314,2022-08-10T10:00,0.0
5315,2022-08-10T11:00,0.0
5316,2022-08-10T12:00,0.0
5317,2022-08-10T13:00,0.0
5318,2022-08-10T14:00,0.0
5319,2022-08-10T15:00,0.0
5320,2022-08-10T16:00,0.0
5321,2022-08-10T17:00,0.0
5322,2022-08-10T18:00,0.0
5323,2022-08-10T19:00,0.0
5324,2022-08-10T20:00,0.0
5325,2022-08-10T21:00,0.0
5326,2022-08-10T22:00,0.0
5327,2022-08-10T23:00,0.0
5328,2022-08-11T00:00,0.0
5329,2022-08-11T01:00,0.0
5330,2022-08-11T02:00,0.0
5331,2022-08-11T03:00,0.0
5332,2022-08-11T04:00,0.0
5333,2022-08-11T05:00,0.0
5334,2022-08-11T06:00,0.0
5335,2022-08-11T07:00,0.0
5336,2022-08-11T08:00,0.0
5337,2022-08-11T09:00,0.0
5338,2022-08-11T10:00,0.0
5339,2022-08-11T11:00,0.0
5340,2022-08-11T12:00,0.0
5341,2022-08-11T13:00,0.0
5342,2022-08-11T14:00,0.0
5343,2022-08-11T15:00,0.0
5344,2022-08-11T16:00,0.0
5345,2022-08-11T17:00,0.0
5346,2022-08-11T18:00,0.0
5347,2022-08-11T19:00,0.0
5348,2022-08-11T20:00,0.0
5349,2022-08-11T21:00,0.0
5350,2022-08-11T22:00,0.0
5351,2022-08-11T23:00,0.0
5352,2022-08-12T00:00,0.0
5353,2022-08-12T01:00,0.0
5354,2022-08-12T02:00,0.0
5355,2022-08-12T03:00,0.0
5356,2022-08-12T04:00,0.0
5357,2022-08-12T05:00,0.0
5358,2022-08-12T06:00,0.0
5359,2022-08-12T07:00,0.0
5360,2022-08-12T08:00,0.0
5361,2022-08-12T09:00,0.0
5362,2022-08-12T10:00,0.0
5363,2022-08-12T11:00,0.0
5364,2022-08-12T12:00,0.0
5365,2022-08-12T13:00,0.0
5366,2022-08-12T14:00,0.0
5367,2022-08-12T15:00,0.0
5368,2022-08-12T16:00,0.0
5369,2022-08-12T17:00,0.0
5370,2022-08-12T18:00,0.0
5371,2022-08-12T19:00,0.0
5372,2022-08-12T20:00,0.0
5373,2022-08-12T21:00,0.0
5374,2022-08-12T22:00,0.0
5375,2022-08-12T23:00,0.0
5376,2022-08-13T00:00,0.0
5377,2022-08-13T01:00,0.0
5378,2022-08-13T02:00,0.0
5379,2022-08-13T03:00,0.0
5380,2022-08-13T04:00,0.0
5381,2022-08-13T05:00,0.0
5382,2022-08-13T06:00,0.0
5383,2022-08-13T07:00,0.0
5384,2022-08-13T08:00,0.0
5385,2022-08-13T09:00,0.0
5386,2022-08-13T10:00,0.0
5387,2022-08-13T11:00,0.0
5388,2022-08-13T12:00,0.0
5389,2022-08-13T13:00,0.0
5390,2022-08-13T14:00,0.0
5391,2022-08-13T15:00,0.0
5392,2022-08-13T16:00,0.0
5393,2022-08-13T17:00,0.0
5394,2022-08-13T18:00,0.0
5395,2022-08-13T19:00,0.0
5396,2022-08-13T20:00,0.0
5397,2022-08-13T21:00,0.0
5398,2022-08-13T22:00,0.0
5399,2022-08-13T23:00,0.0
5400,2022-08-14T00:00,0.0
5401,2022-08-14T01:00,0.0
5402,2022-08-14T02:00,0.0
5403,2022-08-14T03:00,0.0
5404,2022-08-14T04:00,0.0
5405,2022-08-14T05:00,0.0
5406,2022-08-14T06:00,0.0
5407,2022-08-14T07:00,0.0
5408,2022-08-14T08:00,0.0
5409,2022-08-14T09:00,0.0
5410,2022-08-14T10:00,0.0
5411,2022-08-14T11:00,0.0
5412,2022-08-14T12:00,0.0
5413,2022-08-14T13:00,0.0
5414,2022-08-14T14:00,0.0
5415,2022-08-14T15:00,0.0
5416,2022-08-14T16:00,0.0
5417,2022-08-14T17:00,0.0
5418,2022-08-14T18:00,0.0
5419,2022-08-14T19:00,0.0
5420,2022-08-14T20:00,0.0
5421,2022-08-14T21:00,0.0
5422,2022-08-14T22:00,0.0
5423,2022-08-14T23:00,0.0
5424,2022-08-15T00:00,0.0
5425,2022-08-15T01:00,0.0
5426,2022-08-15T02:00,0.0
5427,2022-08-15T03:00,0.0
5428,2022-08-15T04:00,0.0
5429,2022-08-15T05:00,0.0
5430,2022-08-15T06:00,0.0
5431,2022-08-15T07:00,0.0
5432,2022-08-15T08:00,0.0
5433,2022-08-15T09:00,0.0
5434,2022-08-15T10:00,0.0
5435,2022-08-15T11:00,0.0
5436,2022-08-15T12:00,0.0
5437,2022-08-15T13:00,0.7
5438,2022-08-15T14:00,0.0
5439,2022-08-15T15:00,0.0
5440,2022-08-15T16:00,0.0
5441,2022-08-15T17:00,0.0
5442,2022-08-15T18:00,0.0
5443,2022-08-15T19:00,0.0
5444,2022-08-15T20:00,0.0
5445,2022-08-15T21:00,0.0
5446,2022-08-15T22:00,0.0
5447,2022-08-15T23:00,0.0
5448,2022-08-16T00:00,0.0
5449,2022-08-16T01:00,0.0
5450,2022-08-16T02:00,0.0
5451,2022-08-16T03:00,0.0
5452,2022-08-16T04:00,0.0
5453,2022-08-16T05:00,0.0
5454,2022-08-16T06:00,0.0
5455,2022-08-16T07:00,0.0
5456,2022-08-16T08:00,0.0
5457,2022-08-16T09:00,0.0
5458,2022-08-16T10:00,0.0
5459,2022-08-16T11:00,0.4
5460,2022-08-16T12:00,0.4
5461,2022-08-16T13:00,0.4
5462,2022-08-16T14:00,0.1
5463,2022-08-16T15:00,0.1
5464,2022-08-16T16:00,0.7
5465,2022-08-16T17:00,0.8
5466,2022-08-16T18:00,0.5
5467,2022-08-16T19:00,0.1
5468,2022-08-16T20:00,0.1
5469,2022-08-16T21:00,0.0
5470,2022-08-16T22:00,0.0
5471,2022-08-16T23:00,0.0
5472,2022-08-17T00:00,0.0
5473,2022-08-17T01:00,0.0
5474,2022-08-17T02:00,0.0
5475,2022-08-17T03:00,0.0
5476,2022-08-17T04:00,0.0
5477,2022-08-17T05:00,0.0
5478,2022-08-17T06:00,0.0
5479,2022-08-17T07:00,0.0
5480,2022-08-17T08:00,0.0
5481,2022-08-17T09:00,0.0
5482,2022-08-17T10:00,0.0
5483,2022-08-17T11:00,0.0
5484,2022-08-17T12:00,0.0
5485,2022-08-17T13:00,0.0
5486,2022-08-17T14:00,0.4
5487,2022-08-17T15:00,0.5
5488,2022-08-17T16:00,0.1
5489,2022-08-17T17:00,0.1
5490,2022-08-17T18:00,0.0
5491,2022-08-17T19:00,0.0
5492,2022-08-17T20:00,0.0
5493,2022-08-17T21:00,0.0
5494,2022-08-17T22:00,0.0
5495,2022-08-17T23:00,0.0
5496,2022-08-18T00:00,0.0
5497,2022-08-18T01:00,0.0
5498,2022-08-18T02:00,0.0
5499,2022-08-18T03:00,0.0
5500,2022-08-18T04:00,0.0
5501,2022-08-18T05:00,0.0
5502,2022-08-18T06:00,0.0
5503,2022-08-18T07:00,0.0
5504,2022-08-18T08:00,0.0
5505,2022-08-18T09:00,0.0
5506,2022-08-18T10:00,0.1
5507,2022-08-18T11:00,0.2
5508,2022-08-18T12:00,0.3
5509,2022-08-18T13:00,0.0
5510,2022-08-18T14:00,0.0
5511,2022-08-18T15:00,0.0
5512,2022-08-18T16:00,0.0
5513,2022-08-18T17:00,0.0
5514,2022-08-18T18:00,0.0
5515,2022-08-18T19:00,0.0
5516,2022-08-18T20:00,0.0
5517,2022-08-18T21:00,0.0
5518,2022-08-18T22:00,0.0
5519,2022-08-18T23:00,0.0
5520,2022-08-19T00:00,0.0
5521,2022-08-19T01:00,0.0
5522,2022-08-19T02:00,0.0
5523,2022-08-19T03:00,0.0
5524,2022-08-19T04:00,0.0
5525,2022-08-19T05:00,0.4
5526,2022-08-19T06:00,0.5
5527,2022-08-19T07:00,0.0
5528,2022-08-19T08:00,0.0
5529,2022-08-19T09:00,0.0
5530,2022-08-19T10:00,0.0
5531,2022-08-19T11:00,0.0
5532,2022-08-19T12:00,0.0
5533,2022-08-19T13:00,0.0
5534,2022-08-19T14:00,0.0
5535,2022-08-19T15:00,0.0
5536,2022-08-19T16:00,0.0
5537,2022-08-19T17:00,0.0
5538,2022-08-19T18:00,0.0
5539,2022-08-19T19:00,0.0
5540,2022-08-19T20:00,0.0
5541,2022-08-19T21:00,0.0
5542,2022-08-19T22:00,0.0
5543,2022-08-19T23:00,0.0
5544,2022-08-20T00:00,0.0
5545,2022-08-20T01:00,0.0
5546,2022-08-20T02:00,0.0
5547,2022-08-20T03:00,0.0
5548,2022-08-20T04:00,0.0
5549,2022-08-20T05:00,0.0
5550,2022-08-20T06:00,0.0
5551,2022-08-20T07:00,0.0
5552,2022-08-20T08:00,0.0
5553,2022-08-20T09:00,0.0
5554,2022-08-20T10:00,0.0
5555,2022-08-20T11:00,0.0
5556,2022-08-20T12:00,0.0
5557,2022-08-20T13:00,0.0
5558,2022-08-20T14:00,0.0
5559,2022-08-20T15:00,0.0
5560,2022-08-20T16:00,0.0
5561,2022-08-20T17:00,0.0
5562,2022-08-20T18:00,0.0
5563,2022-08-20T19:00,0.0
5564,2022-08-20T20:00,0.0
5565,2022-08-20T21:00,0.0
5566,2022-08-20T22:00,0.0
5567,2022-08-20T23:00,0.0
5568,2022-08-21T00:00,0.0
5569,2022-08-21T01:00,0.0
5570,2022-08-21T02:00,0.0
5571,2022-08-21T03:00,0.0
5572,2022-08-21T04:00,0.0
5573,2022-08-21T05:00,0.0
5574,2022-08-21T06:00,0.0
5575,2022-08-21T07:00,0.0
5576,2022-08-21T08:00,0.0
5577,2022-08-21T09:00,0.0
5578,2022-08-21T10:00,0.0
5579,2022-08-21T11:00,0.0
5580,2022-08-21T12:00,0.0
5581,2022-08-21T13:00,0.0
5582,2022-08-21T14:00,0.0
5583,2022-08-21T15:00,0.0
5584,2022-08-21T16:00,0.0
5585,2022-08-21T17:00,0.0
5586,2022-08-21T18:00,0.0
5587,2022-08-21T19:00,0.0
5588,2022-08-21T20:00,0.0
5589,2022-08-21T21:00,0.0
5590,2022-08-21T22:00,0.0
5591,2022-08-21T23:00,0.0
5592,2022-08-22T00:00,0.0
5593,2022-08-22T01:00,0.0
5594,2022-08-22T02:00,0.0
5595,2022-08-22T03:00,0.0
5596,2022-08-22T04:00,0.0
5597,2022-08-22T05:00,0.0
5598,2022-08-22T06:00,0.0
5599,2022-08-22T07:00,0.0
5600,2022-08-22T08:00,0.0
5601,2022-08-22T09:00,0.0
5602,2022-08-22T10:00,0.0
5603,2022-08-22T11:00,0.0
5604,2022-08-22T12:00,0.0
5605,2022-08-22T13:00,0.0
5606,2022-08-22T14:00,2.0
5607,2022-08-22T15:00,0.2
5608,2022-08-22T16:00,0.0
5609,2022-08-22T17:00,0.0
5610,2022-08-22T18:00,0.0
5611,2022-08-22T19:00,0.1
5612,2022-08-22T20:00,0.4
5613,2022-08-22T21:00,0.0
5614,2022-08-22T22:00,0.0
5615,2022-08-22T23:00,0.0
5616,2022-08-23T00:00,0.0
5617,2022-08-23T01:00,0.0
5618,2022-08-23T02:00,0.2
5619,2022-08-23T03:00,0.0
5620,2022-08-23T04:00,0.0
5621,2022-08-23T05:00,0.0
5622,2022-08-23T06:00,0.0
5623,2022-08-23T07:00,0.1
5624,2022-08-23T08:00,0.0
5625,2022-08-23T09:00,0.1
5626,2022-08-23T10:00,0.1
5627,2022-08-23T11:00,0.0
5628,2022-08-23T12:00,0.0
5629,2022-08-23T13:00,0.0
5630,2022-08-23T14:00,0.0
5631,2022-08-23T15:00,0.0
5632,2022-08-23T16:00,0.0
5633,2022-08-23T17:00,0.0
5634,2022-08-23T18:00,0.0
5635,2022-08-23T19:00,0.0
5636,2022-08-23T20:00,0.0
5637,2022-08-23T21:00,0.0
5638,2022-08-23T22:00,0.0
5639,2022-08-23T23:00,0.0
5640,2022-08-24T00:00,0.0
5641,2022-08-24T01:00,0.0
5642,2022-08-24T02:00,0.0
5643,2022-08-24T03:00,0.0
5644,2022-08-24T04:00,0.0
5645,2022-08-24T05:00,0.0
5646,2022-08-24T06:00,0.0
5647,2022-08-24T07:00,0.0
5648,2022-08-24T08:00,0.1
5649,2022-08-24T09:00,0.1
5650,2022-08-24T10:00,0.1
5651,2022-08-24T11:00,0.1
5652,2022-08-24T12:00,0.1
5653,2022-08-24T13:00,0.1
5654,2022-08-24T14:00,0.0
5655,2022-08-24T15:00,0.0
5656,2022-08-24T16:00,0.0
5657,2022-08-24T17:00,0.0
5658,2022-08-24T18:00,0.0
5659,2022-08-24T19:00,0.0
5660,2022-08-24T20:00,0.0
5661,2022-08-24T21:00,0.0
5662,2022-08-24T22:00,0.0
5663,2022-08-24T23:00,0.0
5664,2022-08-25T00:00,0.0
5665,2022-08-25T01:00,0.0
5666,2022-08-25T02:00,0.0
5667,2022-08-25T03:00,0.0
5668,2022-08-25T04:00,0.1
5669,2022-08-25T05:00,0.1
5670,2022-08-25T06:00,3.2
5671,2022-08-25T07:00,2.3
5672,2022-08-25T08:00,2.7
5673,2022-08-25T09:00,1.8
5674,2022-08-25T10:00,2.1
5675,2022-08-25T11:00,2.2
5676,2022-08-25T12:00,0.5
5677,2022-08-25T13:00,0.2
5678,2022-08-25T14:00,1.4
5679,2022-08-25T15:00,0.1
5680,2022-08-25T16:00,0.0
5681,2022-08-25T17:00,0.2
5682,2022-08-25T18:00,0.2
5683,2022-08-25T19:00,0.0
5684,2022-08-25T20:00,0.0
5685,2022-08-25T21:00,0.0
5686,2022-08-25T22:00,0.0
5687,2022-08-25T23:00,0.0
5688,2022-08-26T00:00,0.0
5689,2022-08-26T01:00,0.0
5690,2022-08-26T02:00,0.0
5691,2022-08-26T03:00,0.0
5692,2022-08-26T04:00,0.0
5693,2022-08-26T05:00,0.0
5694,2022-08-26T06:00,0.0
5695,2022-08-26T07:00,0.0
5696,2022-08-26T08:00,0.0
5697,2022-08-26T09:00,0.0
5698,2022-08-26T10:00,0.0
5699,2022-08-26T11:00,0.0
5700,2022-08-26T12:00,0.0
5701,2022-08-26T13:00,0.0
5702,2022-08-26T14:00,0.0
5703,2022-08-26T15:00,0.0
5704,2022-08-26T16:00,0.0
5705,2022-08-26T17:00,0.0
5706,2022-08-26T18:00,0.0
5707,2022-08-26T19:00,0.0
5708,2022-08-26T20:00,0.0
5709,2022-08-26T21:00,0.0
5710,2022-08-26T22:00,0.0
5711,2022-08-26T23:00,0.0
5712,2022-08-27T00:00,0.0
5713,2022-08-27T01:00,0.0
5714,2022-08-27T02:00,0.0
5715,2022-08-27T03:00,0.0
5716,2022-08-27T04:00,0.0
5717,2022-08-27T05:00,0.0
5718,2022-08-27T06:00,0.0
5719,2022-08-27T07:00,0.2
5720,2022-08-27T08:00,0.1
5721,2022-08-27T09:00,0.0
5722,2022-08-27T10:00,0.0
5723,2022-08-27T11:00,0.0
5724,2022-08-27T12:00,0.0
5725,2022-08-27T13:00,0.0
5726,2022-08-27T14:00,0.0
5727,2022-08-27T15:00,0.0
5728,2022-08-27T16:00,0.0
5729,2022-08-27T17:00,0.0
5730,2022-08-27T18:00,0.0
5731,2022-08-27T19:00,0.0
5732,2022-08-27T20:00,0.0
5733,2022-08-27T21:00,0.0
5734,2022-08-27T22:00,0.0
5735,2022-08-27T23:00,0.0
5736,2022-08-28T00:00,0.0
5737,2022-08-28T01:00,0.0
5738,2022-08-28T02:00,0.0
5739,2022-08-28T03:00,0.0
5740,2022-08-28T04:00,0.0
5741,2022-08-28T05:00,0.0
5742,2022-08-28T06:00,0.0
5743,2022-08-28T07:00,0.0
5744,2022-08-28T08:00,0.0
5745,2022-08-28T09:00,0.0
5746,2022-08-28T10:00,0.0
5747,2022-08-28T11:00,0.0
5748,2022-08-28T12:00,0.0
5749,2022-08-28T13:00,0.0
5750,2022-08-28T14:00,0.0
5751,2022-08-28T15:00,0.0
5752,2022-08-28T16:00,0.0
5753,2022-08-28T17:00,0.0
5754,2022-08-28T18:00,0.0
5755,2022-08-28T19:00,0.0
5756,2022-08-28T20:00,0.0
5757,2022-08-28T21:00,0.0
5758,2022-08-28T22:00,0.0
5759,2022-08-28T23:00,0.0
5760,2022-08-29T00:00,0.0
5761,2022-08-29T01:00,0.0
5762,2022-08-29T02:00,0.0
5763,2022-08-29T03:00,0.0
5764,2022-08-29T04:00,0.0
5765,2022-08-29T05:00,0.0
5766,2022-08-29T06:00,0.0
5767,2022-08-29T07:00,0.0
5768,2022-08-29T08:00,0.0
5769,2022-08-29T09:00,0.0
5770,2022-08-29T10:00,0.0
5771,2022-08-29T11:00,0.1
5772,2022-08-29T12:00,0.0
5773,2022-08-29T13:00,0.0
5774,2022-08-29T14:00,0.0
5775,2022-08-29T15:00,0.0
5776,2022-08-29T16:00,0.0
5777,2022-08-29T17:00,0.0
5778,2022-08-29T18:00,0.0
5779,2022-08-29T19:00,0.0
5780,2022-08-29T20:00,0.0
5781,2022-08-29T21:00,0.0
5782,2022-08-29T22:00,0.0
5783,2022-08-29T23:00,0.0
5784,2022-08-30T00:00,0.0
5785,2022-08-30T01:00,0.0
5786,2022-08-30T02:00,0.0
5787,2022-08-30T03:00,0.0
5788,2022-08-30T04:00,0.0
5789,2022-08-30T05:00,0.0
5790,2022-08-30T06:00,0.0
5791,2022-08-30T07:00,0.0
5792,2022-08-30T08:00,0.0
5793,2022-08-30T09:00,0.0
5794,2022-08-30T10:00,0.0
5795,2022-08-30T11:00,0.0
5796,2022-08-30T12:00,0.0
5797,2022-08-30T13:00,0.0
5798,2022-08-30T14:00,0.0
5799,2022-08-30T15:00,0.0
5800,2022-08-30T16:00,0.0
5801,2022-08-30T17:00,0.0
5802,2022-08-30T18:00,0.0
5803,2022-08-30T19:00,0.0
5804,2022-08-30T20:00,0.0
5805,2022-08-30T21:00,0.0
5806,2022-08-30T22:00,0.0
5807,2022-08-30T23:00,0.0
5808,2022-08-31T00:00,0.0
5809,2022-08-31T01:00,0.0
5810,2022-08-31T02:00,0.0
5811,2022-08-31T03:00,0.0
5812,2022-08-31T04:00,0.0
5813,2022-08-31T05:00,0.0
5814,2022-08-31T06:00,0.0
5815,2022-08-31T07:00,0.0
5816,2022-08-31T08:00,0.0
5817,2022-08-31T09:00,0.0
5818,2022-08-31T10:00,0.0
5819,2022-08-31T11:00,0.0
5820,2022-08-31T12:00,0.2
5821,2022-08-31T13:00,0.0
5822,2022-08-31T14:00,0.0
5823,2022-08-31T15:00,0.0
5824,2022-08-31T16:00,0.0
5825,2022-08-31T17:00,0.0
5826,2022-08-31T18:00,0.0
5827,2022-08-31T19:00,0.0
5828,2022-08-31T20:00,0.0
5829,2022-08-31T21:00,0.0
5830,2022-08-31T22:00,0.0
5831,2022-08-31T23:00,0.0
5832,2022-09-01T00:00,0.0
5833,2022-09-01T01:00,0.0
5834,2022-09-01T02:00,0.0
5835,2022-09-01T03:00,0.0
5836,2022-09-01T04:00,0.0
5837,2022-09-01T05:00,0.0
5838,2022-09-01T06:00,0.0
5839,2022-09-01T07:00,0.0
5840,2022-09-01T08:00,0.0
5841,2022-09-01T09:00,0.0
5842,2022-09-01T10:00,0.0
5843,2022-09-01T11:00,0.0
5844,2022-09-01T12:00,0.0
5845,2022-09-01T13:00,0.0
5846,2022-09-01T14:00,0.5
5847,2022-09-01T15:00,0.0
5848,2022-09-01T16:00,0.0
5849,2022-09-01T17:00,0.0
5850,2022-09-01T18:00,0.0
5851,2022-09-01T19:00,0.0
5852,2022-09-01T20:00,0.0
5853,2022-09-01T21:00,0.1
5854,2022-09-01T22:00,0.1
5855,2022-09-01T23:00,0.0
5856,2022-09-02T00:00,0.0
5857,2022-09-02T01:00,0.3
5858,2022-09-02T02:00,0.5
5859,2022-09-02T03:00,0.2
5860,2022-09-02T04:00,0.0
5861,2022-09-02T05:00,0.0
5862,2022-09-02T06:00,0.0
5863,2022-09-02T07:00,0.0
5864,2022-09-02T08:00,0.0
5865,2022-09-02T09:00,0.0
5866,2022-09-02T10:00,0.0
5867,2022-09-02T11:00,0.0
5868,2022-09-02T12:00,0.0
5869,2022-09-02T13:00,0.0
5870,2022-09-02T14:00,0.0
5871,2022-09-02T15:00,0.0
5872,2022-09-02T16:00,0.0
5873,2022-09-02T17:00,0.0
5874,2022-09-02T18:00,0.0
5875,2022-09-02T19:00,0.0
5876,2022-09-02T20:00,0.0
5877,2022-09-02T21:00,0.0
5878,2022-09-02T22:00,0.0
5879,2022-09-02T23:00,0.0
5880,2022-09-03T00:00,0.0
5881,2022-09-03T01:00,0.0
5882,2022-09-03T02:00,0.0
5883,2022-09-03T03:00,0.0
5884,2022-09-03T04:00,0.0
5885,2022-09-03T05:00,0.0
5886,2022-09-03T06:00,0.0
5887,2022-09-03T07:00,0.0
5888,2022-09-03T08:00,0.0
5889,2022-09-03T09:00,0.0
5890,2022-09-03T10:00,0.0
5891,2022-09-03T11:00,0.0
5892,2022-09-03T12:00,0.6
5893,2022-09-03T13:00,0.6
5894,2022-09-03T14:00,0.1
5895,2022-09-03T15:00,0.1
5896,2022-09-03T16:00,0.0
5897,2022-09-03T17:00,0.0
5898,2022-09-03T18:00,0.0
5899,2022-09-03T19:00,0.0
5900,2022-09-03T20:00,0.0
5901,2022-09-03T21:00,0.0
5902,2022-09-03T22:00,0.0
5903,2022-09-03T23:00,0.0
5904,2022-09-04T00:00,0.0
5905,2022-09-04T01:00,0.0
5906,2022-09-04T02:00,0.0
5907,2022-09-04T03:00,0.0
5908,2022-09-04T04:00,0.0
5909,2022-09-04T05:00,0.0
5910,2022-09-04T06:00,0.0
5911,2022-09-04T07:00,0.0
5912,2022-09-04T08:00,0.0
5913,2022-09-04T09:00,0.0
5914,2022-09-04T10:00,0.0
5915,2022-09-04T11:00,0.0
5916,2022-09-04T12:00,0.0
5917,2022-09-04T13:00,0.0
5918,2022-09-04T14:00,0.2
5919,2022-09-04T15:00,0.2
5920,2022-09-04T16:00,0.0
5921,2022-09-04T17:00,0.0
5922,2022-09-04T18:00,0.0
5923,2022-09-04T19:00,0.0
5924,2022-09-04T20:00,0.0
5925,2022-09-04T21:00,0.0
5926,2022-09-04T22:00,0.0
5927,2022-09-04T23:00,0.0
5928,2022-09-05T00:00,0.0
5929,2022-09-05T01:00,2.6
5930,2022-09-05T02:00,0.9
5931,2022-09-05T03:00,0.0
5932,2022-09-05T04:00,0.0
5933,2022-09-05T05:00,0.0
5934,2022-09-05T06:00,0.0
5935,2022-09-05T07:00,0.0
5936,2022-09-05T08:00,0.0
5937,2022-09-05T09:00,0.0
5938,2022-09-05T10:00,0.0
5939,2022-09-05T11:00,0.0
5940,2022-09-05T12:00,0.0
5941,2022-09-05T13:00,0.0
5942,2022-09-05T14:00,1.1
5943,2022-09-05T15:00,0.0
5944,2022-09-05T16:00,0.0
5945,2022-09-05T17:00,0.0
5946,2022-09-05T18:00,0.0
5947,2022-09-05T19:00,0.0
5948,2022-09-05T20:00,0.0
5949,2022-09-05T21:00,0.0
5950,2022-09-05T22:00,0.0
5951,2022-09-05T23:00,0.3
5952,2022-09-06T00:00,0.9
5953,2022-09-06T01:00,0.2
5954,2022-09-06T02:00,0.0
5955,2022-09-06T03:00,0.0
5956,2022-09-06T04:00,0.0
5957,2022-09-06T05:00,0.0
5958,2022-09-06T06:00,0.0
5959,2022-09-06T07:00,0.0
5960,2022-09-06T08:00,0.0
5961,2022-09-06T09:00,0.0
5962,2022-09-06T10:00,0.3
5963,2022-09-06T11:00,0.4
5964,2022-09-06T12:00,0.2
5965,2022-09-06T13:00,0.3
5966,2022-09-06T14:00,0.1
5967,2022-09-06T15:00,0.0
5968,2022-09-06T16:00,0.2
5969,2022-09-06T17:00,0.2
5970,2022-09-06T18:00,0.1
5971,2022-09-06T19:00,0.6
5972,2022-09-06T20:00,1.9
5973,2022-09-06T21:00,3.2
5974,2022-09-06T22:00,0.1
5975,2022-09-06T23:00,0.0
5976,2022-09-07T00:00,0.0
5977,2022-09-07T01:00,0.0
5978,2022-09-07T02:00,0.1
5979,2022-09-07T03:00,0.0
5980,2022-09-07T04:00,0.1
5981,2022-09-07T05:00,0.1
5982,2022-09-07T06:00,0.0
5983,2022-09-07T07:00,0.0
5984,2022-09-07T08:00,0.0
5985,2022-09-07T09:00,0.0
5986,2022-09-07T10:00,0.1
5987,2022-09-07T11:00,1.2
5988,2022-09-07T12:00,0.1
5989,2022-09-07T13:00,0.4
5990,2022-09-07T14:00,0.1
5991,2022-09-07T15:00,0.0
5992,2022-09-07T16:00,0.3
5993,2022-09-07T17:00,0.3
5994,2022-09-07T18:00,0.0
5995,2022-09-07T19:00,0.0
5996,2022-09-07T20:00,0.0
5997,2022-09-07T21:00,0.9
5998,2022-09-07T22:00,0.4
5999,2022-09-07T23:00,0.3
6000,2022-09-08T00:00,0.3
6001,2022-09-08T01:00,0.2
6002,2022-09-08T02:00,0.0
6003,2022-09-08T03:00,0.1
6004,2022-09-08T04:00,0.0
6005,2022-09-08T05:00,0.0
6006,2022-09-08T06:00,0.0
6007,2022-09-08T07:00,0.0
6008,2022-09-08T08:00,0.0
6009,2022-09-08T09:00,0.0
6010,2022-09-08T10:00,0.1
6011,2022-09-08T11:00,0.1
6012,2022-09-08T12:00,0.3
6013,2022-09-08T13:00,1.7
6014,2022-09-08T14:00,0.3
6015,2022-09-08T15:00,0.0
6016,2022-09-08T16:00,0.2
6017,2022-09-08T17:00,0.8
6018,2022-09-08T18:00,0.5
6019,2022-09-08T19:00,0.0
6020,2022-09-08T20:00,0.0
6021,2022-09-08T21:00,0.0
6022,2022-09-08T22:00,0.0
6023,2022-09-08T23:00,0.0
6024,2022-09-09T00:00,0.0
6025,2022-09-09T01:00,0.0
6026,2022-09-09T02:00,0.5
6027,2022-09-09T03:00,0.1
6028,2022-09-09T04:00,0.0
6029,2022-09-09T05:00,0.0
6030,2022-09-09T06:00,0.0
6031,2022-09-09T07:00,0.0
6032,2022-09-09T08:00,0.0
6033,2022-09-09T09:00,0.0
6034,2022-09-09T10:00,0.0
6035,2022-09-09T11:00,0.0
6036,2022-09-09T12:00,0.0
6037,2022-09-09T13:00,0.1
6038,2022-09-09T14:00,0.0
6039,2022-09-09T15:00,0.1
6040,2022-09-09T16:00,0.0
6041,2022-09-09T17:00,0.0
6042,2022-09-09T18:00,0.1
6043,2022-09-09T19:00,0.2
6044,2022-09-09T20:00,0.0
6045,2022-09-09T21:00,0.0
6046,2022-09-09T22:00,0.0
6047,2022-09-09T23:00,0.0
6048,2022-09-10T00:00,0.0
6049,2022-09-10T01:00,0.0
6050,2022-09-10T02:00,0.1
6051,2022-09-10T03:00,0.0
6052,2022-09-10T04:00,0.0
6053,2022-09-10T05:00,0.0
6054,2022-09-10T06:00,0.0
6055,2022-09-10T07:00,0.0
6056,2022-09-10T08:00,0.0
6057,2022-09-10T09:00,0.1
6058,2022-09-10T10:00,0.1
6059,2022-09-10T11:00,0.1
6060,2022-09-10T12:00,0.1
6061,2022-09-10T13:00,0.2
6062,2022-09-10T14:00,0.1
6063,2022-09-10T15:00,0.0
6064,2022-09-10T16:00,0.0
6065,2022-09-10T17:00,0.0
6066,2022-09-10T18:00,0.0
6067,2022-09-10T19:00,0.0
6068,2022-09-10T20:00,0.0
6069,2022-09-10T21:00,0.0
6070,2022-09-10T22:00,0.0
6071,2022-09-10T23:00,0.0
6072,2022-09-11T00:00,0.0
6073,2022-09-11T01:00,0.0
6074,2022-09-11T02:00,0.0
6075,2022-09-11T03:00,0.0
6076,2022-09-11T04:00,0.0
6077,2022-09-11T05:00,0.0
6078,2022-09-11T06:00,0.0
6079,2022-09-11T07:00,0.0
6080,2022-09-11T08:00,0.0
6081,2022-09-11T09:00,0.0
6082,2022-09-11T10:00,0.0
6083,2022-09-11T11:00,0.0
6084,2022-09-11T12:00,0.0
6085,2022-09-11T13:00,0.0
6086,2022-09-11T14:00,0.0
6087,2022-09-11T15:00,0.0
6088,2022-09-11T16:00,0.0
6089,2022-09-11T17:00,0.0
6090,2022-09-11T18:00,0.0
6091,2022-09-11T19:00,0.0
6092,2022-09-11T20:00,0.0
6093,2022-09-11T21:00,0.0
6094,2022-09-11T22:00,0.0
6095,2022-09-11T23:00,0.0
6096,2022-09-12T00:00,0.0
6097,2022-09-12T01:00,0.0
6098,2022-09-12T02:00,0.0
6099,2022-09-12T03:00,0.0
6100,2022-09-12T04:00,0.0
6101,2022-09-12T05:00,0.0
6102,2022-09-12T06:00,0.0
6103,2022-09-12T07:00,0.0
6104,2022-09-12T08:00,0.0
6105,2022-09-12T09:00,0.0
6106,2022-09-12T10:00,0.0
6107,2022-09-12T11:00,0.5
6108,2022-09-12T12:00,0.0
6109,2022-09-12T13:00,0.0
6110,2022-09-12T14:00,0.0
6111,2022-09-12T15:00,0.0
6112,2022-09-12T16:00,0.0
6113,2022-09-12T17:00,0.0
6114,2022-09-12T18:00,0.0
6115,2022-09-12T19:00,0.0
6116,2022-09-12T20:00,0.0
6117,2022-09-12T21:00,0.0
6118,2022-09-12T22:00,0.2
6119,2022-09-12T23:00,0.1
6120,2022-09-13T00:00,0.2
6121,2022-09-13T01:00,0.2
6122,2022-09-13T02:00,0.0
6123,2022-09-13T03:00,0.0
6124,2022-09-13T04:00,0.0
6125,2022-09-13T05:00,0.0
6126,2022-09-13T06:00,0.0
6127,2022-09-13T07:00,0.0
6128,2022-09-13T08:00,0.0
6129,2022-09-13T09:00,0.0
6130,2022-09-13T10:00,0.0
6131,2022-09-13T11:00,0.0
6132,2022-09-13T12:00,0.0
6133,2022-09-13T13:00,0.1
6134,2022-09-13T14:00,0.9
6135,2022-09-13T15:00,0.5
6136,2022-09-13T16:00,0.1
6137,2022-09-13T17:00,0.0
6138,2022-09-13T18:00,0.0
6139,2022-09-13T19:00,0.0
6140,2022-09-13T20:00,0.1
6141,2022-09-13T21:00,0.0
6142,2022-09-13T22:00,0.1
6143,2022-09-13T23:00,0.6
6144,2022-09-14T00:00,1.3
6145,2022-09-14T01:00,1.4
6146,2022-09-14T02:00,0.1
6147,2022-09-14T03:00,0.3
6148,2022-09-14T04:00,0.7
6149,2022-09-14T05:00,0.6
6150,2022-09-14T06:00,0.7
6151,2022-09-14T07:00,0.1
6152,2022-09-14T08:00,0.1
6153,2022-09-14T09:00,0.0
6154,2022-09-14T10:00,0.0
6155,2022-09-14T11:00,0.0
6156,2022-09-14T12:00,0.0
6157,2022-09-14T13:00,0.0
6158,2022-09-14T14:00,0.0
6159,2022-09-14T15:00,0.0
6160,2022-09-14T16:00,0.0
6161,2022-09-14T17:00,0.0
6162,2022-09-14T18:00,0.0
6163,2022-09-14T19:00,0.0
6164,2022-09-14T20:00,0.0
6165,2022-09-14T21:00,0.0
6166,2022-09-14T22:00,0.0
6167,2022-09-14T23:00,0.0
6168,2022-09-15T00:00,0.0
6169,2022-09-15T01:00,0.0
6170,2022-09-15T02:00,0.0
6171,2022-09-15T03:00,0.0
6172,2022-09-15T04:00,0.0
6173,2022-09-15T05:00,0.0
6174,2022-09-15T06:00,0.0
6175,2022-09-15T07:00,0.0
6176,2022-09-15T08:00,0.0
6177,2022-09-15T09:00,0.0
6178,2022-09-15T10:00,0.1
6179,2022-09-15T11:00,0.5
6180,2022-09-15T12:00,0.2
6181,2022-09-15T13:00,0.0
6182,2022-09-15T14:00,0.0
6183,2022-09-15T15:00,0.0
6184,2022-09-15T16:00,0.0
6185,2022-09-15T17:00,0.0
6186,2022-09-15T18:00,0.0
6187,2022-09-15T19:00,0.0
6188,2022-09-15T20:00,0.0
6189,2022-09-15T21:00,0.0
6190,2022-09-15T22:00,0.0
6191,2022-09-15T23:00,0.0
6192,2022-09-16T00:00,0.0
6193,2022-09-16T01:00,0.0
6194,2022-09-16T02:00,0.0
6195,2022-09-16T03:00,0.0
6196,2022-09-16T04:00,0.0
6197,2022-09-16T05:00,0.0
6198,2022-09-16T06:00,0.0
6199,2022-09-16T07:00,0.0
6200,2022-09-16T08:00,0.0
6201,2022-09-16T09:00,0.0
6202,2022-09-16T10:00,0.0
6203,2022-09-16T11:00,0.1
6204,2022-09-16T12:00,0.0
6205,2022-09-16T13:00,0.0
6206,2022-09-16T14:00,0.0
6207,2022-09-16T15:00,0.0
6208,2022-09-16T16:00,0.0
6209,2022-09-16T17:00,0.0
6210,2022-09-16T18:00,0.0
6211,2022-09-16T19:00,0.0
6212,2022-09-16T20:00,0.0
6213,2022-09-16T21:00,0.0
6214,2022-09-16T22:00,0.0
6215,2022-09-16T23:00,0.0
6216,2022-09-17T00:00,0.0
6217,2022-09-17T01:00,0.0
6218,2022-09-17T02:00,0.0
6219,2022-09-17T03:00,0.0
6220,2022-09-17T04:00,0.0
6221,2022-09-17T05:00,0.0
6222,2022-09-17T06:00,0.0
6223,2022-09-17T07:00,0.0
6224,2022-09-17T08:00,0.0
6225,2022-09-17T09:00,0.0
6226,2022-09-17T10:00,0.0
6227,2022-09-17T11:00,0.0
6228,2022-09-17T12:00,0.0
6229,2022-09-17T13:00,0.0
6230,2022-09-17T14:00,0.0
6231,2022-09-17T15:00,0.0
6232,2022-09-17T16:00,0.0
6233,2022-09-17T17:00,0.0
6234,2022-09-17T18:00,0.0
6235,2022-09-17T19:00,0.0
6236,2022-09-17T20:00,0.0
6237,2022-09-17T21:00,0.0
6238,2022-09-17T22:00,0.0
6239,2022-09-17T23:00,0.0
6240,2022-09-18T00:00,0.0
6241,2022-09-18T01:00,0.0
6242,2022-09-18T02:00,0.0
6243,2022-09-18T03:00,0.0
6244,2022-09-18T04:00,0.0
6245,2022-09-18T05:00,0.0
6246,2022-09-18T06:00,0.0
6247,2022-09-18T07:00,0.0
6248,2022-09-18T08:00,0.0
6249,2022-09-18T09:00,0.0
6250,2022-09-18T10:00,0.0
6251,2022-09-18T11:00,0.0
6252,2022-09-18T12:00,0.0
6253,2022-09-18T13:00,0.0
6254,2022-09-18T14:00,0.0
6255,2022-09-18T15:00,0.0
6256,2022-09-18T16:00,0.0
6257,2022-09-18T17:00,0.0
6258,2022-09-18T18:00,0.0
6259,2022-09-18T19:00,0.0
6260,2022-09-18T20:00,0.0
6261,2022-09-18T21:00,0.0
6262,2022-09-18T22:00,0.0
6263,2022-09-18T23:00,0.0
6264,2022-09-19T00:00,0.0
6265,2022-09-19T01:00,0.0
6266,2022-09-19T02:00,0.0
6267,2022-09-19T03:00,0.0
6268,2022-09-19T04:00,0.0
6269,2022-09-19T05:00,0.0
6270,2022-09-19T06:00,0.0
6271,2022-09-19T07:00,0.0
6272,2022-09-19T08:00,0.0
6273,2022-09-19T09:00,0.0
6274,2022-09-19T10:00,0.0
6275,2022-09-19T11:00,0.0
6276,2022-09-19T12:00,0.0
6277,2022-09-19T13:00,0.0
6278,2022-09-19T14:00,0.0
6279,2022-09-19T15:00,0.0
6280,2022-09-19T16:00,0.0
6281,2022-09-19T17:00,0.0
6282,2022-09-19T18:00,0.0
6283,2022-09-19T19:00,0.0
6284,2022-09-19T20:00,0.0
6285,2022-09-19T21:00,0.0
6286,2022-09-19T22:00,0.1
6287,2022-09-19T23:00,0.2
6288,2022-09-20T00:00,0.0
6289,2022-09-20T01:00,0.0
6290,2022-09-20T02:00,0.0
6291,2022-09-20T03:00,0.0
6292,2022-09-20T04:00,0.0
6293,2022-09-20T05:00,0.0
6294,2022-09-20T06:00,0.0
6295,2022-09-20T07:00,0.0
6296,2022-09-20T08:00,0.0
6297,2022-09-20T09:00,0.0
6298,2022-09-20T10:00,0.0
6299,2022-09-20T11:00,0.0
6300,2022-09-20T12:00,0.0
6301,2022-09-20T13:00,0.0
6302,2022-09-20T14:00,0.0
6303,2022-09-20T15:00,0.0
6304,2022-09-20T16:00,0.0
6305,2022-09-20T17:00,0.0
6306,2022-09-20T18:00,0.0
6307,2022-09-20T19:00,0.0
6308,2022-09-20T20:00,0.0
6309,2022-09-20T21:00,0.0
6310,2022-09-20T22:00,0.0
6311,2022-09-20T23:00,0.0
6312,2022-09-21T00:00,0.0
6313,2022-09-21T01:00,0.0
6314,2022-09-21T02:00,0.0
6315,2022-09-21T03:00,0.0
6316,2022-09-21T04:00,0.0
6317,2022-09-21T05:00,0.0
6318,2022-09-21T06:00,0.0
6319,2022-09-21T07:00,0.0
6320,2022-09-21T08:00,0.0
6321,2022-09-21T09:00,0.0
6322,2022-09-21T10:00,0.0
6323,2022-09-21T11:00,0.0
6324,2022-09-21T12:00,0.0
6325,2022-09-21T13:00,0.0
6326,2022-09-21T14:00,0.0
6327,2022-09-21T15:00,0.0
6328,2022-09-21T16:00,0.0
6329,2022-09-21T17:00,0.0
6330,2022-09-21T18:00,0.0
6331,2022-09-21T19:00,0.0
6332,2022-09-21T20:00,0.0
6333,2022-09-21T21:00,0.0
6334,2022-09-21T22:00,0.0
6335,2022-09-21T23:00,0.0
6336,2022-09-22T00:00,0.0
6337,2022-09-22T01:00,0.0
6338,2022-09-22T02:00,0.0
6339,2022-09-22T03:00,0.0
6340,2022-09-22T04:00,0.0
6341,2022-09-22T05:00,0.0
6342,2022-09-22T06:00,0.0
6343,2022-09-22T07:00,0.0
6344,2022-09-22T08:00,0.0
6345,2022-09-22T09:00,0.0
6346,2022-09-22T10:00,0.0
6347,2022-09-22T11:00,0.0
6348,2022-09-22T12:00,0.0
6349,2022-09-22T13:00,0.0
6350,2022-09-22T14:00,0.0
6351,2022-09-22T15:00,0.0
6352,2022-09-22T16:00,0.0
6353,2022-09-22T17:00,0.0
6354,2022-09-22T18:00,0.0
6355,2022-09-22T19:00,0.0
6356,2022-09-22T20:00,0.0
6357,2022-09-22T21:00,0.0
6358,2022-09-22T22:00,0.0
6359,2022-09-22T23:00,0.0
6360,2022-09-23T00:00,0.0
6361,2022-09-23T01:00,0.1
6362,2022-09-23T02:00,0.6
6363,2022-09-23T03:00,0.0
6364,2022-09-23T04:00,0.0
6365,2022-09-23T05:00,0.0
6366,2022-09-23T06:00,0.0
6367,2022-09-23T07:00,0.9
6368,2022-09-23T08:00,0.1
6369,2022-09-23T09:00,0.0
6370,2022-09-23T10:00,0.1
6371,2022-09-23T11:00,0.1
6372,2022-09-23T12:00,0.1
6373,2022-09-23T13:00,0.1
6374,2022-09-23T14:00,0.4
6375,2022-09-23T15:00,0.0
6376,2022-09-23T16:00,0.0
6377,2022-09-23T17:00,0.0
6378,2022-09-23T18:00,0.1
6379,2022-09-23T19:00,0.0
6380,2022-09-23T20:00,0.0
6381,2022-09-23T21:00,0.0
6382,2022-09-23T22:00,0.0
6383,2022-09-23T23:00,0.0
6384,2022-09-24T00:00,0.0
6385,2022-09-24T01:00,0.0
6386,2022-09-24T02:00,0.0
6387,2022-09-24T03:00,0.0
6388,2022-09-24T04:00,0.0
6389,2022-09-24T05:00,0.0
6390,2022-09-24T06:00,0.0
6391,2022-09-24T07:00,0.0
6392,2022-09-24T08:00,0.0
6393,2022-09-24T09:00,0.0
6394,2022-09-24T10:00,0.0
6395,2022-09-24T11:00,0.0
6396,2022-09-24T12:00,0.1
6397,2022-09-24T13:00,0.0
6398,2022-09-24T14:00,0.1
6399,2022-09-24T15:00,0.0
6400,2022-09-24T16:00,0.0
6401,2022-09-24T17:00,0.0
6402,2022-09-24T18:00,0.0
6403,2022-09-24T19:00,0.0
6404,2022-09-24T20:00,0.0
6405,2022-09-24T21:00,0.0
6406,2022-09-24T22:00,0.0
6407,2022-09-24T23:00,0.0
6408,2022-09-25T00:00,0.0
6409,2022-09-25T01:00,0.0
6410,2022-09-25T02:00,0.0
6411,2022-09-25T03:00,0.0
6412,2022-09-25T04:00,0.0
6413,2022-09-25T05:00,0.0
6414,2022-09-25T06:00,0.0
6415,2022-09-25T07:00,0.0
6416,2022-09-25T08:00,0.0
6417,2022-09-25T09:00,0.0
6418,2022-09-25T10:00,0.0
6419,2022-09-25T11:00,0.0
6420,2022-09-25T12:00,0.0
6421,2022-09-25T13:00,0.0
6422,2022-09-25T14:00,0.0
6423,2022-09-25T15:00,0.0
6424,2022-09-25T16:00,0.0
6425,2022-09-25T17:00,0.0
6426,2022-09-25T18:00,0.0
6427,2022-09-25T19:00,0.0
6428,2022-09-25T20:00,0.0
6429,2022-09-25T21:00,0.0
6430,2022-09-25T22:00,0.0
6431,2022-09-25T23:00,0.0
6432,2022-09-26T00:00,0.0
6433,2022-09-26T01:00,0.0
6434,2022-09-26T02:00,0.0
6435,2022-09-26T03:00,0.0
6436,2022-09-26T04:00,0.5
6437,2022-09-26T05:00,0.5
6438,2022-09-26T06:00,0.5
6439,2022-09-26T07:00,0.0
6440,2022-09-26T08:00,0.1
6441,2022-09-26T09:00,0.0
6442,2022-09-26T10:00,0.0
6443,2022-09-26T11:00,0.0
6444,2022-09-26T12:00,0.0
6445,2022-09-26T13:00,0.0
6446,2022-09-26T14:00,0.0
6447,2022-09-26T15:00,0.1
6448,2022-09-26T16:00,0.0
6449,2022-09-26T17:00,0.0
6450,2022-09-26T18:00,0.0
6451,2022-09-26T19:00,0.0
6452,2022-09-26T20:00,0.0
6453,2022-09-26T21:00,0.0
6454,2022-09-26T22:00,0.0
6455,2022-09-26T23:00,0.0
6456,2022-09-27T00:00,0.0
6457,2022-09-27T01:00,0.1
6458,2022-09-27T02:00,0.0
6459,2022-09-27T03:00,0.0
6460,2022-09-27T04:00,0.0
6461,2022-09-27T05:00,0.0
6462,2022-09-27T06:00,0.0
6463,2022-09-27T07:00,0.0
6464,2022-09-27T08:00,0.1
6465,2022-09-27T09:00,0.6
6466,2022-09-27T10:00,0.0
6467,2022-09-27T11:00,1.3
6468,2022-09-27T12:00,0.1
6469,2022-09-27T13:00,0.0
6470,2022-09-27T14:00,0.2
6471,2022-09-27T15:00,0.0
6472,2022-09-27T16:00,0.0
6473,2022-09-27T17:00,0.0
6474,2022-09-27T18:00,0.0
6475,2022-09-27T19:00,0.0
6476,2022-09-27T20:00,0.0
6477,2022-09-27T21:00,0.0
6478,2022-09-27T22:00,0.0
6479,2022-09-27T23:00,0.0
6480,2022-09-28T00:00,0.0
6481,2022-09-28T01:00,0.0
6482,2022-09-28T02:00,0.0
6483,2022-09-28T03:00,0.0
6484,2022-09-28T04:00,0.0
6485,2022-09-28T05:00,0.0
6486,2022-09-28T06:00,0.0
6487,2022-09-28T07:00,0.0
6488,2022-09-28T08:00,0.0
6489,2022-09-28T09:00,0.0
6490,2022-09-28T10:00,0.0
6491,2022-09-28T11:00,0.1
6492,2022-09-28T12:00,0.0
6493,2022-09-28T13:00,0.0
6494,2022-09-28T14:00,0.0
6495,2022-09-28T15:00,0.0
6496,2022-09-28T16:00,0.0
6497,2022-09-28T17:00,0.0
6498,2022-09-28T18:00,0.0
6499,2022-09-28T19:00,0.0
6500,2022-09-28T20:00,0.0
6501,2022-09-28T21:00,0.0
6502,2022-09-28T22:00,0.0
6503,2022-09-28T23:00,0.0
6504,2022-09-29T00:00,0.0
6505,2022-09-29T01:00,0.0
6506,2022-09-29T02:00,0.0
6507,2022-09-29T03:00,0.0
6508,2022-09-29T04:00,0.0
6509,2022-09-29T05:00,0.0
6510,2022-09-29T06:00,0.0
6511,2022-09-29T07:00,0.0
6512,2022-09-29T08:00,0.0
6513,2022-09-29T09:00,0.0
6514,2022-09-29T10:00,0.0
6515,2022-09-29T11:00,0.0
6516,2022-09-29T12:00,0.0
6517,2022-09-29T13:00,0.0
6518,2022-09-29T14:00,0.0
6519,2022-09-29T15:00,0.0
6520,2022-09-29T16:00,0.0
6521,2022-09-29T17:00,0.0
6522,2022-09-29T18:00,0.0
6523,2022-09-29T19:00,0.0
6524,2022-09-29T20:00,0.0
6525,2022-09-29T21:00,0.0
6526,2022-09-29T22:00,0.0
6527,2022-09-29T23:00,0.0
6528,2022-09-30T00:00,0.0
6529,2022-09-30T01:00,0.0
6530,2022-09-30T02:00,0.0
6531,2022-09-30T03:00,0.0
6532,2022-09-30T04:00,0.0
6533,2022-09-30T05:00,0.0
6534,2022-09-30T06:00,0.0
6535,2022-09-30T07:00,0.0
6536,2022-09-30T08:00,0.0
6537,2022-09-30T09:00,0.0
6538,2022-09-30T10:00,0.0
6539,2022-09-30T11:00,0.0
6540,2022-09-30T12:00,0.0
6541,2022-09-30T13:00,0.0
6542,2022-09-30T14:00,0.0
6543,2022-09-30T15:00,0.0
6544,2022-09-30T16:00,0.3
6545,2022-09-30T17:00,1.3
6546,2022-09-30T18:00,0.8
6547,2022-09-30T19:00,1.2
6548,2022-09-30T20:00,0.3
6549,2022-09-30T21:00,1.2
6550,2022-09-30T22:00,0.2
6551,2022-09-30T23:00,0.1
6552,2022-10-01T00:00,0.1
6553,2022-10-01T01:00,0.0
6554,2022-10-01T02:00,0.0
6555,2022-10-01T03:00,0.0
6556,2022-10-01T04:00,0.0
6557,2022-10-01T05:00,0.0
6558,2022-10-01T06:00,0.0
6559,2022-10-01T07:00,0.0
6560,2022-10-01T08:00,0.0
6561,2022-10-01T09:00,0.0
6562,2022-10-01T10:00,0.0
6563,2022-10-01T11:00,0.0
6564,2022-10-01T12:00,0.0
6565,2022-10-01T13:00,0.0
6566,2022-10-01T14:00,0.1
6567,2022-10-01T15:00,0.0
6568,2022-10-01T16:00,0.0
6569,2022-10-01T17:00,0.0
6570,2022-10-01T18:00,0.0
6571,2022-10-01T19:00,0.0
6572,2022-10-01T20:00,0.0
6573,2022-10-01T21:00,0.0
6574,2022-10-01T22:00,0.0
6575,2022-10-01T23:00,0.0
6576,2022-10-02T00:00,0.0
6577,2022-10-02T01:00,0.0
6578,2022-10-02T02:00,0.0
6579,2022-10-02T03:00,0.0
6580,2022-10-02T04:00,0.0
6581,2022-10-02T05:00,0.0
6582,2022-10-02T06:00,0.0
6583,2022-10-02T07:00,0.0
6584,2022-10-02T08:00,0.3
6585,2022-10-02T09:00,0.1
6586,2022-10-02T10:00,0.0
6587,2022-10-02T11:00,0.0
6588,2022-10-02T12:00,0.0
6589,2022-10-02T13:00,0.0
6590,2022-10-02T14:00,0.0
6591,2022-10-02T15:00,0.0
6592,2022-10-02T16:00,0.0
6593,2022-10-02T17:00,0.0
6594,2022-10-02T18:00,0.0
6595,2022-10-02T19:00,0.0
6596,2022-10-02T20:00,0.0
6597,2022-10-02T21:00,0.0
6598,2022-10-02T22:00,0.0
6599,2022-10-02T23:00,0.0
6600,2022-10-03T00:00,0.0
6601,2022-10-03T01:00,0.0
6602,2022-10-03T02:00,0.0
6603,2022-10-03T03:00,0.0
6604,2022-10-03T04:00,0.0
6605,2022-10-03T05:00,0.0
6606,2022-10-03T06:00,0.0
6607,2022-10-03T07:00,0.0
6608,2022-10-03T08:00,0.0
6609,2022-10-03T09:00,0.0
6610,2022-10-03T10:00,0.0
6611,2022-10-03T11:00,0.0
6612,2022-10-03T12:00,0.0
6613,2022-10-03T13:00,0.0
6614,2022-10-03T14:00,0.0
6615,2022-10-03T15:00,0.0
6616,2022-10-03T16:00,0.0
6617,2022-10-03T17:00,0.0
6618,2022-10-03T18:00,0.0
6619,2022-10-03T19:00,0.0
6620,2022-10-03T20:00,0.0
6621,2022-10-03T21:00,0.0
6622,2022-10-03T22:00,0.0
6623,2022-10-03T23:00,0.0
6624,2022-10-04T00:00,0.0
6625,2022-10-04T01:00,0.0
6626,2022-10-04T02:00,0.0
6627,2022-10-04T03:00,0.0
6628,2022-10-04T04:00,0.0
6629,2022-10-04T05:00,0.0
6630,2022-10-04T06:00,0.0
6631,2022-10-04T07:00,0.0
6632,2022-10-04T08:00,0.0
6633,2022-10-04T09:00,0.0
6634,2022-10-04T10:00,0.1
6635,2022-10-04T11:00,0.0
6636,2022-10-04T12:00,0.0
6637,2022-10-04T13:00,0.1
6638,2022-10-04T14:00,0.1
6639,2022-10-04T15:00,0.0
6640,2022-10-04T16:00,0.0
6641,2022-10-04T17:00,0.0
6642,2022-10-04T18:00,0.0
6643,2022-10-04T19:00,0.0
6644,2022-10-04T20:00,0.0
6645,2022-10-04T21:00,0.0
6646,2022-10-04T22:00,0.0
6647,2022-10-04T23:00,0.0
6648,2022-10-05T00:00,0.0
6649,2022-10-05T01:00,0.0
6650,2022-10-05T02:00,0.0
6651,2022-10-05T03:00,0.0
6652,2022-10-05T04:00,0.0
6653,2022-10-05T05:00,0.0
6654,2022-10-05T06:00,0.0
6655,2022-10-05T07:00,0.0
6656,2022-10-05T08:00,0.0
6657,2022-10-05T09:00,0.0
6658,2022-10-05T10:00,0.1
6659,2022-10-05T11:00,0.0
6660,2022-10-05T12:00,0.0
6661,2022-10-05T13:00,0.1
6662,2022-10-05T14:00,0.1
6663,2022-10-05T15:00,0.6
6664,2022-10-05T16:00,0.0
6665,2022-10-05T17:00,0.0
6666,2022-10-05T18:00,0.0
6667,2022-10-05T19:00,0.0
6668,2022-10-05T20:00,0.0
6669,2022-10-05T21:00,0.0
6670,2022-10-05T22:00,0.0
6671,2022-10-05T23:00,0.0
6672,2022-10-06T00:00,0.0
6673,2022-10-06T01:00,0.0
6674,2022-10-06T02:00,0.0
6675,2022-10-06T03:00,0.0
6676,2022-10-06T04:00,0.0
6677,2022-10-06T05:00,0.0
6678,2022-10-06T06:00,0.0
6679,2022-10-06T07:00,0.0
6680,2022-10-06T08:00,0.0
6681,2022-10-06T09:00,0.0
6682,2022-10-06T10:00,0.0
6683,2022-10-06T11:00,0.0
6684,2022-10-06T12:00,0.0
6685,2022-10-06T13:00,0.0
6686,2022-10-06T14:00,0.0
6687,2022-10-06T15:00,0.0
6688,2022-10-06T16:00,0.0
6689,2022-10-06T17:00,0.0
6690,2022-10-06T18:00,0.0
6691,2022-10-06T19:00,0.0
6692,2022-10-06T20:00,0.0
6693,2022-10-06T21:00,0.0
6694,2022-10-06T22:00,0.0
6695,2022-10-06T23:00,0.0
6696,2022-10-07T00:00,0.0
6697,2022-10-07T01:00,0.0
6698,2022-10-07T02:00,0.0
6699,2022-10-07T03:00,0.0
6700,2022-10-07T04:00,0.0
6701,2022-10-07T05:00,0.0
6702,2022-10-07T06:00,0.0
6703,2022-10-07T07:00,0.0
6704,2022-10-07T08:00,0.0
6705,2022-10-07T09:00,0.0
6706,2022-10-07T10:00,0.0
6707,2022-10-07T11:00,0.0
6708,2022-10-07T12:00,0.0
6709,2022-10-07T13:00,0.0
6710,2022-10-07T14:00,0.3
6711,2022-10-07T15:00,0.0
6712,2022-10-07T16:00,0.0
6713,2022-10-07T17:00,0.0
6714,2022-10-07T18:00,0.0
6715,2022-10-07T19:00,0.2
6716,2022-10-07T20:00,0.0
6717,2022-10-07T21:00,0.0
6718,2022-10-07T22:00,0.0
6719,2022-10-07T23:00,0.0
6720,2022-10-08T00:00,0.0
6721,2022-10-08T01:00,0.0
6722,2022-10-08T02:00,0.0
6723,2022-10-08T03:00,0.0
6724,2022-10-08T04:00,0.0
6725,2022-10-08T05:00,0.0
6726,2022-10-08T06:00,0.0
6727,2022-10-08T07:00,0.0
6728,2022-10-08T08:00,0.0
6729,2022-10-08T09:00,0.0
6730,2022-10-08T10:00,0.0
6731,2022-10-08T11:00,0.0
6732,2022-10-08T12:00,0.0
6733,2022-10-08T13:00,0.0
6734,2022-10-08T14:00,0.0
6735,2022-10-08T15:00,0.0
6736,2022-10-08T16:00,0.0
6737,2022-10-08T17:00,0.0
6738,2022-10-08T18:00,0.0
6739,2022-10-08T19:00,0.0
6740,2022-10-08T20:00,0.0
6741,2022-10-08T21:00,0.0
6742,2022-10-08T22:00,0.0
6743,2022-10-08T23:00,0.0
6744,2022-10-09T00:00,0.0
6745,2022-10-09T01:00,0.0
6746,2022-10-09T02:00,0.0
6747,2022-10-09T03:00,0.0
6748,2022-10-09T04:00,0.0
6749,2022-10-09T05:00,0.0
6750,2022-10-09T06:00,0.0
6751,2022-10-09T07:00,0.0
6752,2022-10-09T08:00,0.0
6753,2022-10-09T09:00,0.0
6754,2022-10-09T10:00,0.0
6755,2022-10-09T11:00,0.0
6756,2022-10-09T12:00,0.0
6757,2022-10-09T13:00,0.0
6758,2022-10-09T14:00,0.0
6759,2022-10-09T15:00,0.0
6760,2022-10-09T16:00,0.0
6761,2022-10-09T17:00,0.0
6762,2022-10-09T18:00,0.0
6763,2022-10-09T19:00,0.0
6764,2022-10-09T20:00,0.0
6765,2022-10-09T21:00,0.0
6766,2022-10-09T22:00,0.0
6767,2022-10-09T23:00,0.0
6768,2022-10-10T00:00,0.0
6769,2022-10-10T01:00,0.0
6770,2022-10-10T02:00,0.0
6771,2022-10-10T03:00,0.0
6772,2022-10-10T04:00,0.0
6773,2022-10-10T05:00,0.0
6774,2022-10-10T06:00,0.1
6775,2022-10-10T07:00,0.6
6776,2022-10-10T08:00,0.4
6777,2022-10-10T09:00,0.4
6778,2022-10-10T10:00,0.0
6779,2022-10-10T11:00,0.0
6780,2022-10-10T12:00,0.0
6781,2022-10-10T13:00,0.0
6782,2022-10-10T14:00,0.0
6783,2022-10-10T15:00,0.0
6784,2022-10-10T16:00,0.0
6785,2022-10-10T17:00,0.0
6786,2022-10-10T18:00,0.0
6787,2022-10-10T19:00,0.0
6788,2022-10-10T20:00,0.0
6789,2022-10-10T21:00,0.0
6790,2022-10-10T22:00,0.0
6791,2022-10-10T23:00,0.0
6792,2022-10-11T00:00,0.0
6793,2022-10-11T01:00,0.0
6794,2022-10-11T02:00,0.0
6795,2022-10-11T03:00,0.0
6796,2022-10-11T04:00,0.0
6797,2022-10-11T05:00,0.0
6798,2022-10-11T06:00,0.0
6799,2022-10-11T07:00,0.0
6800,2022-10-11T08:00,0.0
6801,2022-10-11T09:00,0.0
6802,2022-10-11T10:00,0.0
6803,2022-10-11T11:00,0.0
6804,2022-10-11T12:00,0.0
6805,2022-10-11T13:00,0.0
6806,2022-10-11T14:00,0.0
6807,2022-10-11T15:00,0.0
6808,2022-10-11T16:00,0.0
6809,2022-10-11T17:00,0.0
6810,2022-10-11T18:00,0.0
6811,2022-10-11T19:00,0.0
6812,2022-10-11T20:00,0.0
6813,2022-10-11T21:00,0.0
6814,2022-10-11T22:00,0.0
6815,2022-10-11T23:00,0.0
6816,2022-10-12T00:00,0.0
6817,2022-10-12T01:00,0.0
6818,2022-10-12T02:00,0.0
6819,2022-10-12T03:00,0.0
6820,2022-10-12T04:00,0.0
6821,2022-10-12T05:00,0.0
6822,2022-10-12T06:00,0.0
6823,2022-10-12T07:00,0.0
6824,2022-10-12T08:00,0.0
6825,2022-10-12T09:00,0.0
6826,2022-10-12T10:00,0.0
6827,2022-10-12T11:00,0.0
6828,2022-10-12T12:00,0.0
6829,2022-10-12T13:00,0.1
6830,2022-10-12T14:00,0.0
6831,2022-10-12T15:00,0.8
6832,2022-10-12T16:00,0.0
6833,2022-10-12T17:00,0.0
6834,2022-10-12T18:00,0.1
6835,2022-10-12T19:00,0.0
6836,2022-10-12T20:00,0.0
6837,2022-10-12T21:00,0.0
6838,2022-10-12T22:00,0.0
6839,2022-10-12T23:00,0.3
6840,2022-10-13T00:00,0.7
6841,2022-10-13T01:00,0.7
6842,2022-10-13T02:00,1.4
6843,2022-10-13T03:00,0.6
6844,2022-10-13T04:00,1.5
6845,2022-10-13T05:00,2.2
6846,2022-10-13T06:00,1.5
6847,2022-10-13T07:00,0.7
6848,2022-10-13T08:00,0.0
6849,2022-10-13T09:00,0.0
6850,2022-10-13T10:00,0.0
6851,2022-10-13T11:00,0.0
6852,2022-10-13T12:00,0.0
6853,2022-10-13T13:00,0.0
6854,2022-10-13T14:00,0.0
6855,2022-10-13T15:00,0.0
6856,2022-10-13T16:00,0.0
6857,2022-10-13T17:00,0.0
6858,2022-10-13T18:00,0.0
6859,2022-10-13T19:00,0.0
6860,2022-10-13T20:00,0.0
6861,2022-10-13T21:00,0.0
6862,2022-10-13T22:00,0.0
6863,2022-10-13T23:00,0.0
6864,2022-10-14T00:00,0.0
6865,2022-10-14T01:00,0.0
6866,2022-10-14T02:00,0.0
6867,2022-10-14T03:00,0.0
6868,2022-10-14T04:00,0.0
6869,2022-10-14T05:00,0.0
6870,2022-10-14T06:00,0.0
6871,2022-10-14T07:00,0.0
6872,2022-10-14T08:00,0.0
6873,2022-10-14T09:00,0.0
6874,2022-10-14T10:00,0.0
6875,2022-10-14T11:00,0.0
6876,2022-10-14T12:00,0.1
6877,2022-10-14T13:00,0.0
6878,2022-10-14T14:00,0.0
6879,2022-10-14T15:00,0.4
6880,2022-10-14T16:00,0.1
6881,2022-10-14T17:00,0.4
6882,2022-10-14T18:00,0.2
6883,2022-10-14T19:00,0.0
6884,2022-10-14T20:00,0.0
6885,2022-10-14T21:00,0.0
6886,2022-10-14T22:00,0.0
6887,2022-10-14T23:00,0.0
6888,2022-10-15T00:00,0.0
6889,2022-10-15T01:00,0.0
6890,2022-10-15T02:00,0.0
6891,2022-10-15T03:00,0.0
6892,2022-10-15T04:00,0.0
6893,2022-10-15T05:00,0.0
6894,2022-10-15T06:00,0.0
6895,2022-10-15T07:00,0.0
6896,2022-10-15T08:00,0.0
6897,2022-10-15T09:00,0.0
6898,2022-10-15T10:00,0.0
6899,2022-10-15T11:00,0.0
6900,2022-10-15T12:00,0.0
6901,2022-10-15T13:00,0.1
6902,2022-10-15T14:00,0.0
6903,2022-10-15T15:00,0.1
6904,2022-10-15T16:00,0.0
6905,2022-10-15T17:00,0.0
6906,2022-10-15T18:00,0.0
6907,2022-10-15T19:00,0.0
6908,2022-10-15T20:00,0.0
6909,2022-10-15T21:00,0.0
6910,2022-10-15T22:00,0.0
6911,2022-10-15T23:00,0.0
6912,2022-10-16T00:00,0.0
6913,2022-10-16T01:00,0.0
6914,2022-10-16T02:00,0.0
6915,2022-10-16T03:00,0.0
6916,2022-10-16T04:00,0.0
6917,2022-10-16T05:00,0.0
6918,2022-10-16T06:00,0.0
6919,2022-10-16T07:00,0.0
6920,2022-10-16T08:00,0.0
6921,2022-10-16T09:00,0.0
6922,2022-10-16T10:00,0.0
6923,2022-10-16T11:00,0.0
6924,2022-10-16T12:00,0.0
6925,2022-10-16T13:00,0.0
6926,2022-10-16T14:00,0.1
6927,2022-10-16T15:00,0.0
6928,2022-10-16T16:00,0.0
6929,2022-10-16T17:00,0.7
6930,2022-10-16T18:00,0.3
6931,2022-10-16T19:00,1.0
6932,2022-10-16T20:00,0.8
6933,2022-10-16T21:00,2.5
6934,2022-10-16T22:00,2.9
6935,2022-10-16T23:00,0.6
6936,2022-10-17T00:00,0.9
6937,2022-10-17T01:00,0.0
6938,2022-10-17T02:00,0.0
6939,2022-10-17T03:00,0.0
6940,2022-10-17T04:00,0.0
6941,2022-10-17T05:00,0.1
6942,2022-10-17T06:00,0.7
6943,2022-10-17T07:00,1.2
6944,2022-10-17T08:00,0.5
6945,2022-10-17T09:00,0.0
6946,2022-10-17T10:00,0.0
6947,2022-10-17T11:00,0.0
6948,2022-10-17T12:00,0.0
6949,2022-10-17T13:00,0.0
6950,2022-10-17T14:00,0.0
6951,2022-10-17T15:00,0.0
6952,2022-10-17T16:00,0.0
6953,2022-10-17T17:00,0.0
6954,2022-10-17T18:00,0.0
6955,2022-10-17T19:00,0.0
6956,2022-10-17T20:00,0.0
6957,2022-10-17T21:00,0.0
6958,2022-10-17T22:00,0.0
6959,2022-10-17T23:00,0.0
6960,2022-10-18T00:00,0.0
6961,2022-10-18T01:00,0.0
6962,2022-10-18T02:00,0.0
6963,2022-10-18T03:00,0.0
6964,2022-10-18T04:00,0.0
6965,2022-10-18T05:00,0.0
6966,2022-10-18T06:00,0.0
6967,2022-10-18T07:00,0.0
6968,2022-10-18T08:00,0.0
6969,2022-10-18T09:00,0.0
6970,2022-10-18T10:00,0.0
6971,2022-10-18T11:00,0.0
6972,2022-10-18T12:00,0.0
6973,2022-10-18T13:00,0.0
6974,2022-10-18T14:00,0.0
6975,2022-10-18T15:00,0.0
6976,2022-10-18T16:00,0.0
6977,2022-10-18T17:00,0.0
6978,2022-10-18T18:00,0.0
6979,2022-10-18T19:00,0.0
6980,2022-10-18T20:00,0.0
6981,2022-10-18T21:00,0.0
6982,2022-10-18T22:00,0.0
6983,2022-10-18T23:00,0.0
6984,2022-10-19T00:00,0.0
6985,2022-10-19T01:00,0.0
6986,2022-10-19T02:00,0.0
6987,2022-10-19T03:00,0.0
6988,2022-10-19T04:00,0.0
6989,2022-10-19T05:00,0.0
6990,2022-10-19T06:00,0.0
6991,2022-10-19T07:00,0.0
6992,2022-10-19T08:00,0.0
6993,2022-10-19T09:00,0.0
6994,2022-10-19T10:00,0.0
6995,2022-10-19T11:00,0.0
6996,2022-10-19T12:00,0.0
6997,2022-10-19T13:00,0.0
6998,2022-10-19T14:00,0.0
6999,2022-10-19T15:00,0.0
7000,2022-10-19T16:00,0.0
7001,2022-10-19T17:00,0.0
7002,2022-10-19T18:00,0.0
7003,2022-10-19T19:00,0.0
7004,2022-10-19T20:00,0.0
7005,2022-10-19T21:00,0.4
7006,2022-10-19T22:00,1.9
7007,2022-10-19T23:00,0.0
7008,2022-10-20T00:00,0.1
7009,2022-10-20T01:00,0.0
7010,2022-10-20T02:00,0.1
7011,2022-10-20T03:00,0.0
7012,2022-10-20T04:00,0.1
7013,2022-10-20T05:00,0.6
7014,2022-10-20T06:00,0.1
7015,2022-10-20T07:00,0.4
7016,2022-10-20T08:00,0.5
7017,2022-10-20T09:00,2.6
7018,2022-10-20T10:00,2.5
7019,2022-10-20T11:00,0.9
7020,2022-10-20T12:00,1.0
7021,2022-10-20T13:00,0.7
7022,2022-10-20T14:00,0.0
7023,2022-10-20T15:00,0.2
7024,2022-10-20T16:00,0.1
7025,2022-10-20T17:00,0.1
7026,2022-10-20T18:00,0.0
7027,2022-10-20T19:00,0.0
7028,2022-10-20T20:00,0.0
7029,2022-10-20T21:00,0.0
7030,2022-10-20T22:00,0.0
7031,2022-10-20T23:00,0.0
7032,2022-10-21T00:00,0.0
7033,2022-10-21T01:00,0.0
7034,2022-10-21T02:00,0.0
7035,2022-10-21T03:00,0.0
7036,2022-10-21T04:00,0.0
7037,2022-10-21T05:00,0.0
7038,2022-10-21T06:00,0.0
7039,2022-10-21T07:00,0.0
7040,2022-10-21T08:00,0.0
7041,2022-10-21T09:00,0.0
7042,2022-10-21T10:00,0.0
7043,2022-10-21T11:00,3.9
7044,2022-10-21T12:00,0.1
7045,2022-10-21T13:00,0.4
7046,2022-10-21T14:00,0.2
7047,2022-10-21T15:00,0.1
7048,2022-10-21T16:00,0.1
7049,2022-10-21T17:00,0.1
7050,2022-10-21T18:00,0.0
7051,2022-10-21T19:00,0.1
7052,2022-10-21T20:00,0.2
7053,2022-10-21T21:00,0.2
7054,2022-10-21T22:00,0.2
7055,2022-10-21T23:00,0.3
7056,2022-10-22T00:00,0.2
7057,2022-10-22T01:00,0.0
7058,2022-10-22T02:00,0.0
7059,2022-10-22T03:00,0.0
7060,2022-10-22T04:00,0.0
7061,2022-10-22T05:00,0.0
7062,2022-10-22T06:00,0.0
7063,2022-10-22T07:00,0.0
7064,2022-10-22T08:00,0.0
7065,2022-10-22T09:00,0.0
7066,2022-10-22T10:00,0.0
7067,2022-10-22T11:00,0.0
7068,2022-10-22T12:00,0.0
7069,2022-10-22T13:00,0.0
7070,2022-10-22T14:00,0.0
7071,2022-10-22T15:00,0.0
7072,2022-10-22T16:00,0.0
7073,2022-10-22T17:00,0.0
7074,2022-10-22T18:00,0.0
7075,2022-10-22T19:00,0.0
7076,2022-10-22T20:00,0.0
7077,2022-10-22T21:00,0.0
7078,2022-10-22T22:00,0.0
7079,2022-10-22T23:00,0.0
7080,2022-10-23T00:00,0.0
7081,2022-10-23T01:00,0.0
7082,2022-10-23T02:00,0.0
7083,2022-10-23T03:00,0.0
7084,2022-10-23T04:00,0.1
7085,2022-10-23T05:00,0.0
7086,2022-10-23T06:00,3.9
7087,2022-10-23T07:00,1.2
7088,2022-10-23T08:00,0.3
7089,2022-10-23T09:00,1.2
7090,2022-10-23T10:00,1.6
7091,2022-10-23T11:00,0.7
7092,2022-10-23T12:00,0.2
7093,2022-10-23T13:00,0.2
7094,2022-10-23T14:00,0.1
7095,2022-10-23T15:00,0.0
7096,2022-10-23T16:00,0.0
7097,2022-10-23T17:00,0.0
7098,2022-10-23T18:00,0.0
7099,2022-10-23T19:00,0.0
7100,2022-10-23T20:00,0.0
7101,2022-10-23T21:00,0.2
7102,2022-10-23T22:00,1.4
7103,2022-10-23T23:00,1.4
7104,2022-10-24T00:00,0.2
7105,2022-10-24T01:00,0.2
7106,2022-10-24T02:00,0.7
7107,2022-10-24T03:00,0.1
7108,2022-10-24T04:00,0.0
7109,2022-10-24T05:00,0.0
7110,2022-10-24T06:00,0.0
7111,2022-10-24T07:00,0.0
7112,2022-10-24T08:00,0.0
7113,2022-10-24T09:00,0.0
7114,2022-10-24T10:00,0.0
7115,2022-10-24T11:00,0.0
7116,2022-10-24T12:00,0.0
7117,2022-10-24T13:00,0.1
7118,2022-10-24T14:00,0.1
7119,2022-10-24T15:00,0.2
7120,2022-10-24T16:00,0.1
7121,2022-10-24T17:00,0.0
7122,2022-10-24T18:00,0.0
7123,2022-10-24T19:00,0.0
7124,2022-10-24T20:00,0.0
7125,2022-10-24T21:00,0.0
7126,2022-10-24T22:00,0.0
7127,2022-10-24T23:00,0.0
7128,2022-10-25T00:00,0.0
7129,2022-10-25T01:00,0.0
7130,2022-10-25T02:00,0.0
7131,2022-10-25T03:00,0.0
7132,2022-10-25T04:00,0.0
7133,2022-10-25T05:00,0.0
7134,2022-10-25T06:00,0.0
7135,2022-10-25T07:00,0.0
7136,2022-10-25T08:00,0.0
7137,2022-10-25T09:00,0.0
7138,2022-10-25T10:00,0.0
7139,2022-10-25T11:00,0.0
7140,2022-10-25T12:00,0.0
7141,2022-10-25T13:00,0.0
7142,2022-10-25T14:00,0.0
7143,2022-10-25T15:00,0.0
7144,2022-10-25T16:00,0.0
7145,2022-10-25T17:00,0.0
7146,2022-10-25T18:00,0.0
7147,2022-10-25T19:00,0.2
7148,2022-10-25T20:00,0.0
7149,2022-10-25T21:00,0.0
7150,2022-10-25T22:00,0.0
7151,2022-10-25T23:00,0.0
7152,2022-10-26T00:00,0.0
7153,2022-10-26T01:00,0.4
7154,2022-10-26T02:00,0.0
7155,2022-10-26T03:00,0.0
7156,2022-10-26T04:00,0.0
7157,2022-10-26T05:00,0.0
7158,2022-10-26T06:00,0.0
7159,2022-10-26T07:00,0.0
7160,2022-10-26T08:00,0.0
7161,2022-10-26T09:00,0.0
7162,2022-10-26T10:00,0.0
7163,2022-10-26T11:00,0.2
7164,2022-10-26T12:00,0.0
7165,2022-10-26T13:00,0.0
7166,2022-10-26T14:00,0.0
7167,2022-10-26T15:00,0.0
7168,2022-10-26T16:00,0.0
7169,2022-10-26T17:00,0.0
7170,2022-10-26T18:00,0.0
7171,2022-10-26T19:00,0.0
7172,2022-10-26T20:00,0.0
7173,2022-10-26T21:00,0.0
7174,2022-10-26T22:00,0.0
7175,2022-10-26T23:00,0.0
7176,2022-10-27T00:00,0.0
7177,2022-10-27T01:00,0.0
7178,2022-10-27T02:00,0.0
7179,2022-10-27T03:00,0.0
7180,2022-10-27T04:00,0.0
7181,2022-10-27T05:00,0.0
7182,2022-10-27T06:00,0.0
7183,2022-10-27T07:00,0.0
7184,2022-10-27T08:00,0.0
7185,2022-10-27T09:00,0.1
7186,2022-10-27T10:00,2.8
7187,2022-10-27T11:00,0.3
7188,2022-10-27T12:00,0.0
7189,2022-10-27T13:00,0.1
7190,2022-10-27T14:00,0.1
7191,2022-10-27T15:00,0.0
7192,2022-10-27T16:00,0.0
7193,2022-10-27T17:00,0.0
7194,2022-10-27T18:00,0.0
7195,2022-10-27T19:00,0.3
7196,2022-10-27T20:00,0.3
7197,2022-10-27T21:00,0.0
7198,2022-10-27T22:00,0.0
7199,2022-10-27T23:00,0.0
7200,2022-10-28T00:00,0.0
7201,2022-10-28T01:00,0.0
7202,2022-10-28T02:00,0.0
7203,2022-10-28T03:00,0.0
7204,2022-10-28T04:00,0.0
7205,2022-10-28T05:00,0.0
7206,2022-10-28T06:00,0.0
7207,2022-10-28T07:00,0.0
7208,2022-10-28T08:00,0.0
7209,2022-10-28T09:00,0.1
7210,2022-10-28T10:00,0.0
7211,2022-10-28T11:00,0.0
7212,2022-10-28T12:00,0.0
7213,2022-10-28T13:00,0.0
7214,2022-10-28T14:00,0.0
7215,2022-10-28T15:00,0.0
7216,2022-10-28T16:00,0.0
7217,2022-10-28T17:00,0.0
7218,2022-10-28T18:00,0.0
7219,2022-10-28T19:00,0.0
7220,2022-10-28T20:00,0.0
7221,2022-10-28T21:00,0.0
7222,2022-10-28T22:00,0.0
7223,2022-10-28T23:00,0.0
7224,2022-10-29T00:00,0.0
7225,2022-10-29T01:00,0.0
7226,2022-10-29T02:00,0.0
7227,2022-10-29T03:00,0.0
7228,2022-10-29T04:00,0.0
7229,2022-10-29T05:00,1.3
7230,2022-10-29T06:00,1.7
7231,2022-10-29T07:00,0.0
7232,2022-10-29T08:00,0.0
7233,2022-10-29T09:00,0.0
7234,2022-10-29T10:00,0.0
7235,2022-10-29T11:00,0.0
7236,2022-10-29T12:00,0.0
7237,2022-10-29T13:00,0.0
7238,2022-10-29T14:00,0.0
7239,2022-10-29T15:00,0.0
7240,2022-10-29T16:00,0.0
7241,2022-10-29T17:00,0.0
7242,2022-10-29T18:00,0.0
7243,2022-10-29T19:00,0.0
7244,2022-10-29T20:00,0.0
7245,2022-10-29T21:00,0.0
7246,2022-10-29T22:00,0.0
7247,2022-10-29T23:00,0.0
7248,2022-10-30T00:00,0.0
7249,2022-10-30T01:00,0.0
7250,2022-10-30T02:00,0.0
7251,2022-10-30T03:00,0.0
7252,2022-10-30T04:00,0.0
7253,2022-10-30T05:00,0.0
7254,2022-10-30T06:00,0.0
7255,2022-10-30T07:00,0.0
7256,2022-10-30T08:00,0.0
7257,2022-10-30T09:00,0.7
7258,2022-10-30T10:00,0.1
7259,2022-10-30T11:00,0.1
7260,2022-10-30T12:00,0.2
7261,2022-10-30T13:00,0.0
7262,2022-10-30T14:00,0.1
7263,2022-10-30T15:00,0.0
7264,2022-10-30T16:00,0.1
7265,2022-10-30T17:00,0.0
7266,2022-10-30T18:00,0.0
7267,2022-10-30T19:00,0.0
7268,2022-10-30T20:00,0.0
7269,2022-10-30T21:00,0.0
7270,2022-10-30T22:00,0.0
7271,2022-10-30T23:00,0.0
7272,2022-10-31T00:00,0.0
7273,2022-10-31T01:00,0.0
7274,2022-10-31T02:00,0.0
7275,2022-10-31T03:00,0.0
7276,2022-10-31T04:00,0.0
7277,2022-10-31T05:00,0.0
7278,2022-10-31T06:00,0.0
7279,2022-10-31T07:00,0.0
7280,2022-10-31T08:00,0.0
7281,2022-10-31T09:00,0.0
7282,2022-10-31T10:00,0.0
7283,2022-10-31T11:00,0.0
7284,2022-10-31T12:00,0.0
7285,2022-10-31T13:00,0.0
7286,2022-10-31T14:00,0.0
7287,2022-10-31T15:00,0.0
7288,2022-10-31T16:00,0.0
7289,2022-10-31T17:00,1.0
7290,2022-10-31T18:00,0.1
7291,2022-10-31T19:00,0.2
7292,2022-10-31T20:00,0.0
7293,2022-10-31T21:00,1.9
7294,2022-10-31T22:00,2.6
7295,2022-10-31T23:00,0.8
7296,2022-11-01T00:00,2.1
7297,2022-11-01T01:00,0.1
7298,2022-11-01T02:00,0.1
7299,2022-11-01T03:00,0.1
7300,2022-11-01T04:00,0.2
7301,2022-11-01T05:00,0.7
7302,2022-11-01T06:00,0.0
7303,2022-11-01T07:00,0.0
7304,2022-11-01T08:00,0.0
7305,2022-11-01T09:00,0.0
7306,2022-11-01T10:00,0.0
7307,2022-11-01T11:00,0.1
7308,2022-11-01T12:00,0.1
7309,2022-11-01T13:00,0.1
7310,2022-11-01T14:00,0.1
7311,2022-11-01T15:00,0.3
7312,2022-11-01T16:00,0.0
7313,2022-11-01T17:00,0.1
7314,2022-11-01T18:00,0.1
7315,2022-11-01T19:00,0.0
7316,2022-11-01T20:00,0.0
7317,2022-11-01T21:00,0.0
7318,2022-11-01T22:00,0.0
7319,2022-11-01T23:00,0.0
7320,2022-11-02T00:00,0.0
7321,2022-11-02T01:00,0.0
7322,2022-11-02T02:00,0.0
7323,2022-11-02T03:00,0.0
7324,2022-11-02T04:00,0.0
7325,2022-11-02T05:00,0.0
7326,2022-11-02T06:00,0.0
7327,2022-11-02T07:00,0.0
7328,2022-11-02T08:00,0.0
7329,2022-11-02T09:00,0.0
7330,2022-11-02T10:00,0.0
7331,2022-11-02T11:00,0.0
7332,2022-11-02T12:00,0.0
7333,2022-11-02T13:00,0.0
7334,2022-11-02T14:00,0.0
7335,2022-11-02T15:00,0.0
7336,2022-11-02T16:00,0.0
7337,2022-11-02T17:00,0.0
7338,2022-11-02T18:00,0.0
7339,2022-11-02T19:00,0.0
7340,2022-11-02T20:00,0.5
7341,2022-11-02T21:00,0.6
7342,2022-11-02T22:00,0.9
7343,2022-11-02T23:00,0.5
7344,2022-11-03T00:00,2.8
7345,2022-11-03T01:00,2.8
7346,2022-11-03T02:00,1.5
7347,2022-11-03T03:00,1.1
7348,2022-11-03T04:00,3.1
7349,2022-11-03T05:00,2.4
7350,2022-11-03T06:00,1.0
7351,2022-11-03T07:00,1.3
7352,2022-11-03T08:00,6.0
7353,2022-11-03T09:00,4.0
7354,2022-11-03T10:00,0.8
7355,2022-11-03T11:00,0.5
7356,2022-11-03T12:00,0.2
7357,2022-11-03T13:00,0.0
7358,2022-11-03T14:00,0.2
7359,2022-11-03T15:00,0.4
7360,2022-11-03T16:00,0.0
7361,2022-11-03T17:00,0.0
7362,2022-11-03T18:00,0.0
7363,2022-11-03T19:00,0.0
7364,2022-11-03T20:00,0.0
7365,2022-11-03T21:00,0.0
7366,2022-11-03T22:00,0.0
7367,2022-11-03T23:00,0.0
7368,2022-11-04T00:00,0.1
7369,2022-11-04T01:00,0.9
7370,2022-11-04T02:00,1.1
7371,2022-11-04T03:00,0.4
7372,2022-11-04T04:00,0.5
7373,2022-11-04T05:00,0.1
7374,2022-11-04T06:00,0.0
7375,2022-11-04T07:00,0.0
7376,2022-11-04T08:00,0.0
7377,2022-11-04T09:00,0.0
7378,2022-11-04T10:00,0.0
7379,2022-11-04T11:00,0.0
7380,2022-11-04T12:00,0.0
7381,2022-11-04T13:00,0.0
7382,2022-11-04T14:00,0.0
7383,2022-11-04T15:00,0.0
7384,2022-11-04T16:00,0.0
7385,2022-11-04T17:00,0.0
7386,2022-11-04T18:00,0.0
7387,2022-11-04T19:00,0.0
7388,2022-11-04T20:00,0.0
7389,2022-11-04T21:00,0.0
7390,2022-11-04T22:00,0.0
7391,2022-11-04T23:00,0.0
7392,2022-11-05T00:00,0.0
7393,2022-11-05T01:00,0.0
7394,2022-11-05T02:00,0.0
7395,2022-11-05T03:00,0.0
7396,2022-11-05T04:00,0.0
7397,2022-11-05T05:00,0.0
7398,2022-11-05T06:00,0.0
7399,2022-11-05T07:00,0.0
7400,2022-11-05T08:00,0.1
7401,2022-11-05T09:00,0.2
7402,2022-11-05T10:00,0.1
7403,2022-11-05T11:00,0.0
7404,2022-11-05T12:00,0.4
7405,2022-11-05T13:00,0.6
7406,2022-11-05T14:00,0.3
7407,2022-11-05T15:00,0.5
7408,2022-11-05T16:00,0.0
7409,2022-11-05T17:00,0.0
7410,2022-11-05T18:00,0.0
7411,2022-11-05T19:00,0.0
7412,2022-11-05T20:00,0.0
7413,2022-11-05T21:00,0.1
7414,2022-11-05T22:00,0.1
7415,2022-11-05T23:00,0.5
7416,2022-11-06T00:00,0.4
7417,2022-11-06T01:00,0.0
7418,2022-11-06T02:00,0.6
7419,2022-11-06T03:00,0.2
7420,2022-11-06T04:00,0.3
7421,2022-11-06T05:00,3.8
7422,2022-11-06T06:00,0.2
7423,2022-11-06T07:00,0.5
7424,2022-11-06T08:00,0.5
7425,2022-11-06T09:00,2.7
7426,2022-11-06T10:00,1.4
7427,2022-11-06T11:00,1.5
7428,2022-11-06T12:00,1.2
7429,2022-11-06T13:00,0.9
7430,2022-11-06T14:00,0.8
7431,2022-11-06T15:00,5.1
7432,2022-11-06T16:00,0.3
7433,2022-11-06T17:00,0.0
7434,2022-11-06T18:00,0.0
7435,2022-11-06T19:00,0.0
7436,2022-11-06T20:00,0.0
7437,2022-11-06T21:00,0.0
7438,2022-11-06T22:00,0.0
7439,2022-11-06T23:00,0.0
7440,2022-11-07T00:00,0.0
7441,2022-11-07T01:00,0.0
7442,2022-11-07T02:00,0.0
7443,2022-11-07T03:00,0.0
7444,2022-11-07T04:00,0.0
7445,2022-11-07T05:00,0.0
7446,2022-11-07T06:00,0.0
7447,2022-11-07T07:00,0.0
7448,2022-11-07T08:00,0.0
7449,2022-11-07T09:00,0.1
7450,2022-11-07T10:00,0.1
7451,2022-11-07T11:00,0.3
7452,2022-11-07T12:00,0.2
7453,2022-11-07T13:00,0.2
7454,2022-11-07T14:00,0.1
7455,2022-11-07T15:00,0.2
7456,2022-11-07T16:00,0.1
7457,2022-11-07T17:00,0.0
7458,2022-11-07T18:00,0.0
7459,2022-11-07T19:00,0.0
7460,2022-11-07T20:00,0.0
7461,2022-11-07T21:00,0.1
7462,2022-11-07T22:00,0.0
7463,2022-11-07T23:00,0.0
7464,2022-11-08T00:00,0.0
7465,2022-11-08T01:00,0.0
7466,2022-11-08T02:00,0.0
7467,2022-11-08T03:00,0.0
7468,2022-11-08T04:00,0.5
7469,2022-11-08T05:00,0.5
7470,2022-11-08T06:00,0.1
7471,2022-11-08T07:00,0.3
7472,2022-11-08T08:00,0.1
7473,2022-11-08T09:00,0.3
7474,2022-11-08T10:00,0.0
7475,2022-11-08T11:00,0.4
7476,2022-11-08T12:00,0.2
7477,2022-11-08T13:00,0.0
7478,2022-11-08T14:00,0.0
7479,2022-11-08T15:00,0.9
7480,2022-11-08T16:00,1.0
7481,2022-11-08T17:00,0.1
7482,2022-11-08T18:00,0.0
7483,2022-11-08T19:00,0.0
7484,2022-11-08T20:00,0.3
7485,2022-11-08T21:00,0.0
7486,2022-11-08T22:00,0.0
7487,2022-11-08T23:00,0.0
7488,2022-11-09T00:00,0.0
7489,2022-11-09T01:00,0.0
7490,2022-11-09T02:00,0.0
7491,2022-11-09T03:00,0.0
7492,2022-11-09T04:00,0.0
7493,2022-11-09T05:00,0.0
7494,2022-11-09T06:00,0.0
7495,2022-11-09T07:00,0.0
7496,2022-11-09T08:00,0.0
7497,2022-11-09T09:00,0.0
7498,2022-11-09T10:00,0.0
7499,2022-11-09T11:00,0.0
7500,2022-11-09T12:00,0.0
7501,2022-11-09T13:00,0.0
7502,2022-11-09T14:00,0.0
7503,2022-11-09T15:00,0.0
7504,2022-11-09T16:00,0.0
7505,2022-11-09T17:00,0.0
7506,2022-11-09T18:00,0.0
7507,2022-11-09T19:00,0.0
7508,2022-11-09T20:00,0.0
7509,2022-11-09T21:00,0.0
7510,2022-11-09T22:00,0.0
7511,2022-11-09T23:00,0.0
7512,2022-11-10T00:00,0.0
7513,2022-11-10T01:00,0.0
7514,2022-11-10T02:00,0.0
7515,2022-11-10T03:00,0.0
7516,2022-11-10T04:00,0.0
7517,2022-11-10T05:00,0.0
7518,2022-11-10T06:00,0.0
7519,2022-11-10T07:00,0.0
7520,2022-11-10T08:00,0.0
7521,2022-11-10T09:00,0.0
7522,2022-11-10T10:00,0.0
7523,2022-11-10T11:00,0.0
7524,2022-11-10T12:00,0.0
7525,2022-11-10T13:00,0.0
7526,2022-11-10T14:00,0.0
7527,2022-11-10T15:00,0.0
7528,2022-11-10T16:00,0.0
7529,2022-11-10T17:00,0.0
7530,2022-11-10T18:00,0.0
7531,2022-11-10T19:00,0.0
7532,2022-11-10T20:00,0.0
7533,2022-11-10T21:00,0.0
7534,2022-11-10T22:00,0.0
7535,2022-11-10T23:00,0.0
7536,2022-11-11T00:00,0.0
7537,2022-11-11T01:00,0.0
7538,2022-11-11T02:00,0.0
7539,2022-11-11T03:00,0.0
7540,2022-11-11T04:00,0.0
7541,2022-11-11T05:00,0.0
7542,2022-11-11T06:00,0.0
7543,2022-11-11T07:00,0.0
7544,2022-11-11T08:00,0.0
7545,2022-11-11T09:00,0.0
7546,2022-11-11T10:00,0.0
7547,2022-11-11T11:00,0.0
7548,2022-11-11T12:00,0.0
7549,2022-11-11T13:00,0.0
7550,2022-11-11T14:00,0.0
7551,2022-11-11T15:00,0.0
7552,2022-11-11T16:00,0.0
7553,2022-11-11T17:00,0.0
7554,2022-11-11T18:00,0.0
7555,2022-11-11T19:00,0.0
7556,2022-11-11T20:00,0.0
7557,2022-11-11T21:00,0.0
7558,2022-11-11T22:00,0.0
7559,2022-11-11T23:00,0.0
7560,2022-11-12T00:00,0.0
7561,2022-11-12T01:00,0.0
7562,2022-11-12T02:00,0.0
7563,2022-11-12T03:00,0.0
7564,2022-11-12T04:00,0.0
7565,2022-11-12T05:00,0.0
7566,2022-11-12T06:00,0.0
7567,2022-11-12T07:00,0.0
7568,2022-11-12T08:00,0.0
7569,2022-11-12T09:00,0.0
7570,2022-11-12T10:00,0.0
7571,2022-11-12T11:00,0.0
7572,2022-11-12T12:00,0.0
7573,2022-11-12T13:00,0.0
7574,2022-11-12T14:00,0.0
7575,2022-11-12T15:00,0.0
7576,2022-11-12T16:00,0.0
7577,2022-11-12T17:00,0.0
7578,2022-11-12T18:00,0.0
7579,2022-11-12T19:00,0.0
7580,2022-11-12T20:00,0.0
7581,2022-11-12T21:00,0.0
7582,2022-11-12T22:00,0.0
7583,2022-11-12T23:00,0.0
7584,2022-11-13T00:00,0.0
7585,2022-11-13T01:00,0.0
7586,2022-11-13T02:00,0.0
7587,2022-11-13T03:00,0.0
7588,2022-11-13T04:00,0.0
7589,2022-11-13T05:00,0.0
7590,2022-11-13T06:00,0.0
7591,2022-11-13T07:00,0.0
7592,2022-11-13T08:00,0.0
7593,2022-11-13T09:00,0.0
7594,2022-11-13T10:00,0.0
7595,2022-11-13T11:00,0.0
7596,2022-11-13T12:00,0.0
7597,2022-11-13T13:00,0.0
7598,2022-11-13T14:00,0.0
7599,2022-11-13T15:00,0.0
7600,2022-11-13T16:00,0.0
7601,2022-11-13T17:00,0.0
7602,2022-11-13T18:00,0.0
7603,2022-11-13T19:00,0.0
7604,2022-11-13T20:00,0.0
7605,2022-11-13T21:00,0.0
7606,2022-11-13T22:00,0.0
7607,2022-11-13T23:00,0.0
7608,2022-11-14T00:00,0.0
7609,2022-11-14T01:00,0.0
7610,2022-11-14T02:00,0.0
7611,2022-11-14T03:00,0.0
7612,2022-11-14T04:00,0.0
7613,2022-11-14T05:00,0.0
7614,2022-11-14T06:00,0.0
7615,2022-11-14T07:00,0.0
7616,2022-11-14T08:00,0.0
7617,2022-11-14T09:00,0.0
7618,2022-11-14T10:00,0.0
7619,2022-11-14T11:00,0.0
7620,2022-11-14T12:00,0.0
7621,2022-11-14T13:00,0.0
7622,2022-11-14T14:00,0.0
7623,2022-11-14T15:00,0.0
7624,2022-11-14T16:00,0.0
7625,2022-11-14T17:00,0.0
7626,2022-11-14T18:00,0.0
7627,2022-11-14T19:00,0.1
7628,2022-11-14T20:00,0.1
7629,2022-11-14T21:00,0.1
7630,2022-11-14T22:00,0.0
7631,2022-11-14T23:00,0.0
7632,2022-11-15T00:00,0.0
7633,2022-11-15T01:00,0.0
7634,2022-11-15T02:00,0.0
7635,2022-11-15T03:00,0.0
7636,2022-11-15T04:00,0.0
7637,2022-11-15T05:00,0.0
7638,2022-11-15T06:00,0.0
7639,2022-11-15T07:00,0.0
7640,2022-11-15T08:00,0.1
7641,2022-11-15T09:00,1.1
7642,2022-11-15T10:00,2.4
7643,2022-11-15T11:00,1.8
7644,2022-11-15T12:00,1.9
7645,2022-11-15T13:00,0.8
7646,2022-11-15T14:00,0.8
7647,2022-11-15T15:00,0.0
7648,2022-11-15T16:00,0.0
7649,2022-11-15T17:00,0.0
7650,2022-11-15T18:00,0.0
7651,2022-11-15T19:00,0.0
7652,2022-11-15T20:00,0.0
7653,2022-11-15T21:00,0.0
7654,2022-11-15T22:00,0.0
7655,2022-11-15T23:00,0.0
7656,2022-11-16T00:00,0.0
7657,2022-11-16T01:00,0.0
7658,2022-11-16T02:00,0.1
7659,2022-11-16T03:00,0.0
7660,2022-11-16T04:00,0.0
7661,2022-11-16T05:00,0.1
7662,2022-11-16T06:00,0.0
7663,2022-11-16T07:00,0.0
7664,2022-11-16T08:00,0.0
7665,2022-11-16T09:00,0.1
7666,2022-11-16T10:00,0.0
7667,2022-11-16T11:00,0.0
7668,2022-11-16T12:00,0.0
7669,2022-11-16T13:00,0.0
7670,2022-11-16T14:00,0.1
7671,2022-11-16T15:00,0.3
7672,2022-11-16T16:00,0.2
7673,2022-11-16T17:00,3.7
7674,2022-11-16T18:00,1.1
7675,2022-11-16T19:00,1.6
7676,2022-11-16T20:00,2.7
7677,2022-11-16T21:00,5.1
7678,2022-11-16T22:00,4.0
7679,2022-11-16T23:00,0.3
7680,2022-11-17T00:00,0.3
7681,2022-11-17T01:00,3.3
7682,2022-11-17T02:00,0.1
7683,2022-11-17T03:00,0.0
7684,2022-11-17T04:00,0.1
7685,2022-11-17T05:00,0.1
7686,2022-11-17T06:00,0.2
7687,2022-11-17T07:00,0.8
7688,2022-11-17T08:00,0.8
7689,2022-11-17T09:00,0.5
7690,2022-11-17T10:00,0.2
7691,2022-11-17T11:00,0.1
7692,2022-11-17T12:00,0.1
7693,2022-11-17T13:00,0.0
7694,2022-11-17T14:00,0.1
7695,2022-11-17T15:00,0.1
7696,2022-11-17T16:00,0.0
7697,2022-11-17T17:00,0.0
7698,2022-11-17T18:00,0.0
7699,2022-11-17T19:00,0.0
7700,2022-11-17T20:00,0.0
7701,2022-11-17T21:00,0.0
7702,2022-11-17T22:00,0.0
7703,2022-11-17T23:00,0.1
7704,2022-11-18T00:00,0.8
7705,2022-11-18T01:00,1.2
7706,2022-11-18T02:00,0.1
7707,2022-11-18T03:00,0.0
7708,2022-11-18T04:00,0.0
7709,2022-11-18T05:00,0.0
7710,2022-11-18T06:00,0.0
7711,2022-11-18T07:00,0.0
7712,2022-11-18T08:00,0.0
7713,2022-11-18T09:00,0.0
7714,2022-11-18T10:00,0.0
7715,2022-11-18T11:00,0.0
7716,2022-11-18T12:00,0.0
7717,2022-11-18T13:00,0.0
7718,2022-11-18T14:00,0.1
7719,2022-11-18T15:00,0.0
7720,2022-11-18T16:00,0.0
7721,2022-11-18T17:00,0.0
7722,2022-11-18T18:00,0.0
7723,2022-11-18T19:00,0.0
7724,2022-11-18T20:00,0.0
7725,2022-11-18T21:00,0.0
7726,2022-11-18T22:00,0.0
7727,2022-11-18T23:00,0.0
7728,2022-11-19T00:00,0.0
7729,2022-11-19T01:00,0.0
7730,2022-11-19T02:00,0.1
7731,2022-11-19T03:00,0.0
7732,2022-11-19T04:00,0.0
7733,2022-11-19T05:00,0.0
7734,2022-11-19T06:00,0.0
7735,2022-11-19T07:00,0.0
7736,2022-11-19T08:00,0.0
7737,2022-11-19T09:00,0.0
7738,2022-11-19T10:00,0.0
7739,2022-11-19T11:00,0.0
7740,2022-11-19T12:00,0.0
7741,2022-11-19T13:00,0.0
7742,2022-11-19T14:00,0.1
7743,2022-11-19T15:00,0.1
7744,2022-11-19T16:00,0.0
7745,2022-11-19T17:00,0.0
7746,2022-11-19T18:00,0.0
7747,2022-11-19T19:00,0.0
7748,2022-11-19T20:00,0.0
7749,2022-11-19T21:00,0.0
7750,2022-11-19T22:00,0.0
7751,2022-11-19T23:00,0.0
7752,2022-11-20T00:00,0.0
7753,2022-11-20T01:00,0.0
7754,2022-11-20T02:00,0.0
7755,2022-11-20T03:00,0.0
7756,2022-11-20T04:00,0.0
7757,2022-11-20T05:00,0.8
7758,2022-11-20T06:00,0.8
7759,2022-11-20T07:00,0.2
7760,2022-11-20T08:00,1.0
7761,2022-11-20T09:00,0.4
7762,2022-11-20T10:00,0.0
7763,2022-11-20T11:00,0.0
7764,2022-11-20T12:00,0.0
7765,2022-11-20T13:00,0.0
7766,2022-11-20T14:00,0.0
7767,2022-11-20T15:00,0.0
7768,2022-11-20T16:00,0.0
7769,2022-11-20T17:00,2.9
7770,2022-11-20T18:00,0.0
7771,2022-11-20T19:00,0.0
7772,2022-11-20T20:00,0.0
7773,2022-11-20T21:00,0.0
7774,2022-11-20T22:00,0.0
7775,2022-11-20T23:00,0.0
7776,2022-11-21T00:00,0.0
7777,2022-11-21T01:00,0.0
7778,2022-11-21T02:00,0.0
7779,2022-11-21T03:00,0.0
7780,2022-11-21T04:00,0.0
7781,2022-11-21T05:00,0.0
7782,2022-11-21T06:00,0.0
7783,2022-11-21T07:00,0.0
7784,2022-11-21T08:00,0.0
7785,2022-11-21T09:00,0.0
7786,2022-11-21T10:00,0.0
7787,2022-11-21T11:00,0.5
7788,2022-11-21T12:00,1.7
7789,2022-11-21T13:00,1.0
7790,2022-11-21T14:00,1.6
7791,2022-11-21T15:00,1.1
7792,2022-11-21T16:00,0.3
7793,2022-11-21T17:00,1.1
7794,2022-11-21T18:00,0.5
7795,2022-11-21T19:00,0.1
7796,2022-11-21T20:00,0.0
7797,2022-11-21T21:00,0.0
7798,2022-11-21T22:00,0.0
7799,2022-11-21T23:00,0.0
7800,2022-11-22T00:00,0.0
7801,2022-11-22T01:00,0.0
7802,2022-11-22T02:00,0.0
7803,2022-11-22T03:00,0.0
7804,2022-11-22T04:00,0.1
7805,2022-11-22T05:00,0.0
7806,2022-11-22T06:00,0.0
7807,2022-11-22T07:00,0.0
7808,2022-11-22T08:00,0.0
7809,2022-11-22T09:00,0.0
7810,2022-11-22T10:00,0.0
7811,2022-11-22T11:00,0.0
7812,2022-11-22T12:00,0.0
7813,2022-11-22T13:00,0.0
7814,2022-11-22T14:00,0.0
7815,2022-11-22T15:00,0.0
7816,2022-11-22T16:00,0.0
7817,2022-11-22T17:00,0.0
7818,2022-11-22T18:00,0.0
7819,2022-11-22T19:00,0.0
7820,2022-11-22T20:00,0.0
7821,2022-11-22T21:00,0.0
7822,2022-11-22T22:00,0.0
7823,2022-11-22T23:00,0.0
7824,2022-11-23T00:00,0.0
7825,2022-11-23T01:00,0.0
7826,2022-11-23T02:00,0.0
7827,2022-11-23T03:00,0.0
7828,2022-11-23T04:00,0.0
7829,2022-11-23T05:00,0.0
7830,2022-11-23T06:00,0.0
7831,2022-11-23T07:00,0.0
7832,2022-11-23T08:00,0.0
7833,2022-11-23T09:00,0.5
7834,2022-11-23T10:00,4.4
7835,2022-11-23T11:00,0.0
7836,2022-11-23T12:00,0.2
7837,2022-11-23T13:00,0.4
7838,2022-11-23T14:00,0.0
7839,2022-11-23T15:00,0.3
7840,2022-11-23T16:00,0.0
7841,2022-11-23T17:00,0.0
7842,2022-11-23T18:00,0.0
7843,2022-11-23T19:00,0.0
7844,2022-11-23T20:00,0.0
7845,2022-11-23T21:00,0.0
7846,2022-11-23T22:00,0.0
7847,2022-11-23T23:00,0.0
7848,2022-11-24T00:00,0.0
7849,2022-11-24T01:00,0.0
7850,2022-11-24T02:00,0.2
7851,2022-11-24T03:00,0.0
7852,2022-11-24T04:00,0.0
7853,2022-11-24T05:00,0.0
7854,2022-11-24T06:00,0.0
7855,2022-11-24T07:00,0.0
7856,2022-11-24T08:00,0.0
7857,2022-11-24T09:00,0.0
7858,2022-11-24T10:00,0.0
7859,2022-11-24T11:00,0.0
7860,2022-11-24T12:00,0.0
7861,2022-11-24T13:00,0.0
7862,2022-11-24T14:00,0.1
7863,2022-11-24T15:00,0.2
7864,2022-11-24T16:00,0.4
7865,2022-11-24T17:00,1.6
7866,2022-11-24T18:00,0.4
7867,2022-11-24T19:00,0.0
7868,2022-11-24T20:00,0.0
7869,2022-11-24T21:00,0.0
7870,2022-11-24T22:00,0.0
7871,2022-11-24T23:00,0.0
7872,2022-11-25T00:00,0.0
7873,2022-11-25T01:00,0.0
7874,2022-11-25T02:00,0.0
7875,2022-11-25T03:00,0.0
7876,2022-11-25T04:00,0.0
7877,2022-11-25T05:00,0.0
7878,2022-11-25T06:00,0.0
7879,2022-11-25T07:00,0.0
7880,2022-11-25T08:00,0.0
7881,2022-11-25T09:00,0.0
7882,2022-11-25T10:00,0.0
7883,2022-11-25T11:00,0.0
7884,2022-11-25T12:00,0.0
7885,2022-11-25T13:00,0.0
7886,2022-11-25T14:00,0.0
7887,2022-11-25T15:00,0.0
7888,2022-11-25T16:00,0.0
7889,2022-11-25T17:00,0.0
7890,2022-11-25T18:00,0.0
7891,2022-11-25T19:00,0.0
7892,2022-11-25T20:00,0.0
7893,2022-11-25T21:00,0.0
7894,2022-11-25T22:00,0.0
7895,2022-11-25T23:00,0.0
7896,2022-11-26T00:00,0.0
7897,2022-11-26T01:00,0.0
7898,2022-11-26T02:00,0.0
7899,2022-11-26T03:00,0.0
7900,2022-11-26T04:00,0.0
7901,2022-11-26T05:00,0.0
7902,2022-11-26T06:00,0.0
7903,2022-11-26T07:00,0.0
7904,2022-11-26T08:00,0.0
7905,2022-11-26T09:00,0.0
7906,2022-11-26T10:00,0.0
7907,2022-11-26T11:00,0.0
7908,2022-11-26T12:00,0.0
7909,2022-11-26T13:00,0.0
7910,2022-11-26T14:00,0.0
7911,2022-11-26T15:00,0.0
7912,2022-11-26T16:00,0.0
7913,2022-11-26T17:00,0.0
7914,2022-11-26T18:00,0.0
7915,2022-11-26T19:00,0.1
7916,2022-11-26T20:00,0.5
7917,2022-11-26T21:00,0.1
7918,2022-11-26T22:00,0.1
7919,2022-11-26T23:00,0.1
7920,2022-11-27T00:00,0.3
7921,2022-11-27T01:00,0.4
7922,2022-11-27T02:00,1.3
7923,2022-11-27T03:00,1.4
7924,2022-11-27T04:00,0.4
7925,2022-11-27T05:00,0.4
7926,2022-11-27T06:00,0.0
7927,2022-11-27T07:00,0.1
7928,2022-11-27T08:00,0.5
7929,2022-11-27T09:00,1.0
7930,2022-11-27T10:00,0.6
7931,2022-11-27T11:00,0.3
7932,2022-11-27T12:00,0.4
7933,2022-11-27T13:00,0.2
7934,2022-11-27T14:00,0.2
7935,2022-11-27T15:00,0.1
7936,2022-11-27T16:00,0.0
7937,2022-11-27T17:00,0.1
7938,2022-11-27T18:00,0.7
7939,2022-11-27T19:00,1.3
7940,2022-11-27T20:00,0.8
7941,2022-11-27T21:00,0.3
7942,2022-11-27T22:00,0.0
7943,2022-11-27T23:00,0.0
7944,2022-11-28T00:00,0.0
7945,2022-11-28T01:00,0.0
7946,2022-11-28T02:00,0.0
7947,2022-11-28T03:00,0.0
7948,2022-11-28T04:00,0.0
7949,2022-11-28T05:00,0.0
7950,2022-11-28T06:00,0.0
7951,2022-11-28T07:00,0.0
7952,2022-11-28T08:00,0.0
7953,2022-11-28T09:00,0.0
7954,2022-11-28T10:00,0.0
7955,2022-11-28T11:00,0.0
7956,2022-11-28T12:00,0.1
7957,2022-11-28T13:00,0.0
7958,2022-11-28T14:00,0.8
7959,2022-11-28T15:00,0.6
7960,2022-11-28T16:00,0.0
7961,2022-11-28T17:00,0.0
7962,2022-11-28T18:00,0.0
7963,2022-11-28T19:00,0.0
7964,2022-11-28T20:00,0.0
7965,2022-11-28T21:00,0.0
7966,2022-11-28T22:00,0.0
7967,2022-11-28T23:00,0.0
7968,2022-11-29T00:00,0.0
7969,2022-11-29T01:00,0.0
7970,2022-11-29T02:00,0.0
7971,2022-11-29T03:00,0.0
7972,2022-11-29T04:00,0.0
7973,2022-11-29T05:00,0.0
7974,2022-11-29T06:00,0.0
7975,2022-11-29T07:00,0.0
7976,2022-11-29T08:00,0.0
7977,2022-11-29T09:00,0.0
7978,2022-11-29T10:00,0.0
7979,2022-11-29T11:00,0.0
7980,2022-11-29T12:00,0.0
7981,2022-11-29T13:00,0.0
7982,2022-11-29T14:00,0.0
7983,2022-11-29T15:00,0.0
7984,2022-11-29T16:00,0.0
7985,2022-11-29T17:00,0.0
7986,2022-11-29T18:00,0.0
7987,2022-11-29T19:00,0.0
7988,2022-11-29T20:00,0.0
7989,2022-11-29T21:00,0.0
7990,2022-11-29T22:00,0.0
7991,2022-11-29T23:00,0.0
7992,2022-11-30T00:00,0.0
7993,2022-11-30T01:00,0.0
7994,2022-11-30T02:00,0.0
7995,2022-11-30T03:00,0.0
7996,2022-11-30T04:00,0.0
7997,2022-11-30T05:00,0.0
7998,2022-11-30T06:00,0.0
7999,2022-11-30T07:00,0.1
8000,2022-11-30T08:00,0.0
8001,2022-11-30T09:00,0.0
8002,2022-11-30T10:00,0.0
8003,2022-11-30T11:00,0.0
8004,2022-11-30T12:00,0.0
8005,2022-11-30T13:00,0.0
8006,2022-11-30T14:00,0.0
8007,2022-11-30T15:00,0.0
8008,2022-11-30T16:00,0.0
8009,2022-11-30T17:00,0.0
8010,2022-11-30T18:00,0.0
8011,2022-11-30T19:00,0.0
8012,2022-11-30T20:00,0.0
8013,2022-11-30T21:00,0.0
8014,2022-11-30T22:00,0.0
8015,2022-11-30T23:00,0.0
8016,2022-12-01T00:00,0.0
8017,2022-12-01T01:00,0.0
8018,2022-12-01T02:00,0.0
8019,2022-12-01T03:00,0.0
8020,2022-12-01T04:00,0.0
8021,2022-12-01T05:00,0.0
8022,2022-12-01T06:00,0.0
8023,2022-12-01T07:00,0.0
8024,2022-12-01T08:00,0.0
8025,2022-12-01T09:00,0.0
8026,2022-12-01T10:00,0.0
8027,2022-12-01T11:00,0.0
8028,2022-12-01T12:00,0.0
8029,2022-12-01T13:00,0.0
8030,2022-12-01T14:00,0.0
8031,2022-12-01T15:00,0.0
8032,2022-12-01T16:00,0.0
8033,2022-12-01T17:00,0.0
8034,2022-12-01T18:00,0.0
8035,2022-12-01T19:00,0.0
8036,2022-12-01T20:00,0.0
8037,2022-12-01T21:00,0.0
8038,2022-12-01T22:00,0.0
8039,2022-12-01T23:00,0.0
8040,2022-12-02T00:00,0.0
8041,2022-12-02T01:00,0.0
8042,2022-12-02T02:00,0.0
8043,2022-12-02T03:00,0.0
8044,2022-12-02T04:00,0.0
8045,2022-12-02T05:00,0.0
8046,2022-12-02T06:00,0.0
8047,2022-12-02T07:00,0.0
8048,2022-12-02T08:00,0.0
8049,2022-12-02T09:00,0.0
8050,2022-12-02T10:00,0.0
8051,2022-12-02T11:00,0.0
8052,2022-12-02T12:00,0.0
8053,2022-12-02T13:00,0.0
8054,2022-12-02T14:00,0.1
8055,2022-12-02T15:00,0.2
8056,2022-12-02T16:00,0.0
8057,2022-12-02T17:00,0.0
8058,2022-12-02T18:00,0.0
8059,2022-12-02T19:00,0.0
8060,2022-12-02T20:00,0.0
8061,2022-12-02T21:00,0.0
8062,2022-12-02T22:00,0.0
8063,2022-12-02T23:00,0.0
8064,2022-12-03T00:00,0.0
8065,2022-12-03T01:00,0.0
8066,2022-12-03T02:00,0.0
8067,2022-12-03T03:00,0.0
8068,2022-12-03T04:00,0.0
8069,2022-12-03T05:00,0.0
8070,2022-12-03T06:00,0.0
8071,2022-12-03T07:00,0.0
8072,2022-12-03T08:00,0.0
8073,2022-12-03T09:00,0.0
8074,2022-12-03T10:00,0.0
8075,2022-12-03T11:00,0.0
8076,2022-12-03T12:00,0.0
8077,2022-12-03T13:00,0.0
8078,2022-12-03T14:00,0.0
8079,2022-12-03T15:00,0.0
8080,2022-12-03T16:00,0.0
8081,2022-12-03T17:00,0.0
8082,2022-12-03T18:00,0.0
8083,2022-12-03T19:00,0.0
8084,2022-12-03T20:00,0.0
8085,2022-12-03T21:00,0.0
8086,2022-12-03T22:00,0.0
8087,2022-12-03T23:00,0.0
8088,2022-12-04T00:00,0.0
8089,2022-12-04T01:00,0.0
8090,2022-12-04T02:00,0.0
8091,2022-12-04T03:00,0.0
8092,2022-12-04T04:00,0.0
8093,2022-12-04T05:00,0.1
8094,2022-12-04T06:00,0.1
8095,2022-12-04T07:00,0.1
8096,2022-12-04T08:00,0.1
8097,2022-12-04T09:00,0.1
8098,2022-12-04T10:00,0.2
8099,2022-12-04T11:00,0.2
8100,2022-12-04T12:00,0.3
8101,2022-12-04T13:00,0.2
8102,2022-12-04T14:00,0.0
8103,2022-12-04T15:00,0.0
8104,2022-12-04T16:00,0.0
8105,2022-12-04T17:00,0.0
8106,2022-12-04T18:00,0.0
8107,2022-12-04T19:00,0.0
8108,2022-12-04T20:00,0.0
8109,2022-12-04T21:00,0.1
8110,2022-12-04T22:00,0.1
8111,2022-12-04T23:00,0.0
8112,2022-12-05T00:00,0.0
8113,2022-12-05T01:00,0.0
8114,2022-12-05T02:00,0.0
8115,2022-12-05T03:00,0.0
8116,2022-12-05T04:00,0.0
8117,2022-12-05T05:00,0.0
8118,2022-12-05T06:00,0.0
8119,2022-12-05T07:00,0.0
8120,2022-12-05T08:00,0.0
8121,2022-12-05T09:00,0.0
8122,2022-12-05T10:00,0.0
8123,2022-12-05T11:00,0.0
8124,2022-12-05T12:00,0.0
8125,2022-12-05T13:00,0.0
8126,2022-12-05T14:00,0.0
8127,2022-12-05T15:00,0.0
8128,2022-12-05T16:00,0.0
8129,2022-12-05T17:00,0.0
8130,2022-12-05T18:00,0.0
8131,2022-12-05T19:00,0.0
8132,2022-12-05T20:00,0.0
8133,2022-12-05T21:00,0.0
8134,2022-12-05T22:00,0.0
8135,2022-12-05T23:00,0.0
8136,2022-12-06T00:00,0.0
8137,2022-12-06T01:00,0.0
8138,2022-12-06T02:00,0.0
8139,2022-12-06T03:00,0.0
8140,2022-12-06T04:00,0.0
8141,2022-12-06T05:00,0.0
8142,2022-12-06T06:00,0.0
8143,2022-12-06T07:00,0.0
8144,2022-12-06T08:00,0.0
8145,2022-12-06T09:00,0.0
8146,2022-12-06T10:00,0.0
8147,2022-12-06T11:00,0.0
8148,2022-12-06T12:00,0.0
8149,2022-12-06T13:00,0.0
8150,2022-12-06T14:00,0.0
8151,2022-12-06T15:00,0.0
8152,2022-12-06T16:00,0.0
8153,2022-12-06T17:00,0.0
8154,2022-12-06T18:00,0.0
8155,2022-12-06T19:00,0.0
8156,2022-12-06T20:00,0.0
8157,2022-12-06T21:00,0.0
8158,2022-12-06T22:00,0.0
8159,2022-12-06T23:00,0.0
8160,2022-12-07T00:00,0.0
8161,2022-12-07T01:00,0.0
8162,2022-12-07T02:00,0.0
8163,2022-12-07T03:00,0.0
8164,2022-12-07T04:00,0.0
8165,2022-12-07T05:00,0.0
8166,2022-12-07T06:00,0.0
8167,2022-12-07T07:00,0.0
8168,2022-12-07T08:00,0.0
8169,2022-12-07T09:00,0.0
8170,2022-12-07T10:00,0.0
8171,2022-12-07T11:00,0.0
8172,2022-12-07T12:00,0.0
8173,2022-12-07T13:00,0.0
8174,2022-12-07T14:00,0.0
8175,2022-12-07T15:00,0.0
8176,2022-12-07T16:00,0.0
8177,2022-12-07T17:00,0.0
8178,2022-12-07T18:00,0.0
8179,2022-12-07T19:00,0.0
8180,2022-12-07T20:00,0.0
8181,2022-12-07T21:00,0.0
8182,2022-12-07T22:00,0.0
8183,2022-12-07T23:00,0.0
8184,2022-12-08T00:00,0.0
8185,2022-12-08T01:00,0.0
8186,2022-12-08T02:00,0.0
8187,2022-12-08T03:00,0.0
8188,2022-12-08T04:00,0.0
8189,2022-12-08T05:00,0.0
8190,2022-12-08T06:00,0.0
8191,2022-12-08T07:00,0.0
8192,2022-12-08T08:00,0.0
8193,2022-12-08T09:00,0.0
8194,2022-12-08T10:00,0.0
8195,2022-12-08T11:00,0.0
8196,2022-12-08T12:00,0.0
8197,2022-12-08T13:00,0.0
8198,2022-12-08T14:00,0.0
8199,2022-12-08T15:00,0.0
8200,2022-12-08T16:00,0.0
8201,2022-12-08T17:00,0.0
8202,2022-12-08T18:00,0.0
8203,2022-12-08T19:00,0.0
8204,2022-12-08T20:00,0.0
8205,2022-12-08T21:00,0.0
8206,2022-12-08T22:00,0.0
8207,2022-12-08T23:00,0.0
8208,2022-12-09T00:00,0.0
8209,2022-12-09T01:00,0.0
8210,2022-12-09T02:00,0.0
8211,2022-12-09T03:00,0.0
8212,2022-12-09T04:00,0.0
8213,2022-12-09T05:00,0.0
8214,2022-12-09T06:00,0.0
8215,2022-12-09T07:00,0.0
8216,2022-12-09T08:00,0.0
8217,2022-12-09T09:00,0.0
8218,2022-12-09T10:00,0.0
8219,2022-12-09T11:00,0.0
8220,2022-12-09T12:00,0.0
8221,2022-12-09T13:00,0.0
8222,2022-12-09T14:00,0.0
8223,2022-12-09T15:00,0.0
8224,2022-12-09T16:00,0.0
8225,2022-12-09T17:00,0.0
8226,2022-12-09T18:00,0.0
8227,2022-12-09T19:00,0.0
8228,2022-12-09T20:00,0.0
8229,2022-12-09T21:00,0.0
8230,2022-12-09T22:00,0.0
8231,2022-12-09T23:00,0.0
8232,2022-12-10T00:00,0.0
8233,2022-12-10T01:00,0.0
8234,2022-12-10T02:00,0.0
8235,2022-12-10T03:00,0.0
8236,2022-12-10T04:00,0.0
8237,2022-12-10T05:00,0.0
8238,2022-12-10T06:00,0.0
8239,2022-12-10T07:00,0.0
8240,2022-12-10T08:00,0.0
8241,2022-12-10T09:00,0.0
8242,2022-12-10T10:00,0.0
8243,2022-12-10T11:00,0.0
8244,2022-12-10T12:00,0.0
8245,2022-12-10T13:00,0.0
8246,2022-12-10T14:00,0.0
8247,2022-12-10T15:00,0.0
8248,2022-12-10T16:00,0.0
8249,2022-12-10T17:00,0.0
8250,2022-12-10T18:00,0.0
8251,2022-12-10T19:00,0.0
8252,2022-12-10T20:00,0.0
8253,2022-12-10T21:00,0.0
8254,2022-12-10T22:00,0.0
8255,2022-12-10T23:00,0.0
8256,2022-12-11T00:00,0.0
8257,2022-12-11T01:00,0.0
8258,2022-12-11T02:00,0.0
8259,2022-12-11T03:00,0.0
8260,2022-12-11T04:00,0.0
8261,2022-12-11T05:00,0.0
8262,2022-12-11T06:00,0.0
8263,2022-12-11T07:00,0.0
8264,2022-12-11T08:00,0.0
8265,2022-12-11T09:00,0.0
8266,2022-12-11T10:00,0.0
8267,2022-12-11T11:00,0.0
8268,2022-12-11T12:00,0.0
8269,2022-12-11T13:00,0.0
8270,2022-12-11T14:00,0.1
8271,2022-12-11T15:00,0.2
8272,2022-12-11T16:00,0.3
8273,2022-12-11T17:00,0.0
8274,2022-12-11T18:00,0.1
8275,2022-12-11T19:00,0.0
8276,2022-12-11T20:00,0.0
8277,2022-12-11T21:00,0.0
8278,2022-12-11T22:00,0.0
8279,2022-12-11T23:00,0.0
8280,2022-12-12T00:00,0.0
8281,2022-12-12T01:00,0.0
8282,2022-12-12T02:00,0.2
8283,2022-12-12T03:00,0.0
8284,2022-12-12T04:00,0.0
8285,2022-12-12T05:00,0.0
8286,2022-12-12T06:00,0.0
8287,2022-12-12T07:00,0.0
8288,2022-12-12T08:00,0.0
8289,2022-12-12T09:00,0.0
8290,2022-12-12T10:00,0.0
8291,2022-12-12T11:00,0.0
8292,2022-12-12T12:00,0.0
8293,2022-12-12T13:00,0.0
8294,2022-12-12T14:00,0.0
8295,2022-12-12T15:00,0.0
8296,2022-12-12T16:00,0.0
8297,2022-12-12T17:00,0.0
8298,2022-12-12T18:00,0.0
8299,2022-12-12T19:00,0.0
8300,2022-12-12T20:00,0.0
8301,2022-12-12T21:00,0.0
8302,2022-12-12T22:00,0.0
8303,2022-12-12T23:00,0.0
8304,2022-12-13T00:00,0.0
8305,2022-12-13T01:00,0.0
8306,2022-12-13T02:00,0.0
8307,2022-12-13T03:00,0.0
8308,2022-12-13T04:00,0.0
8309,2022-12-13T05:00,0.0
8310,2022-12-13T06:00,0.0
8311,2022-12-13T07:00,0.0
8312,2022-12-13T08:00,0.0
8313,2022-12-13T09:00,0.0
8314,2022-12-13T10:00,0.0
8315,2022-12-13T11:00,0.0
8316,2022-12-13T12:00,0.0
8317,2022-12-13T13:00,0.0
8318,2022-12-13T14:00,0.0
8319,2022-12-13T15:00,0.0
8320,2022-12-13T16:00,0.0
8321,2022-12-13T17:00,0.0
8322,2022-12-13T18:00,0.0
8323,2022-12-13T19:00,0.0
8324,2022-12-13T20:00,0.0
8325,2022-12-13T21:00,0.0
8326,2022-12-13T22:00,0.0
8327,2022-12-13T23:00,0.0
8328,2022-12-14T00:00,0.0
8329,2022-12-14T01:00,0.0
8330,2022-12-14T02:00,0.0
8331,2022-12-14T03:00,0.0
8332,2022-12-14T04:00,0.0
8333,2022-12-14T05:00,0.0
8334,2022-12-14T06:00,0.0
8335,2022-12-14T07:00,0.0
8336,2022-12-14T08:00,0.0
8337,2022-12-14T09:00,0.0
8338,2022-12-14T10:00,0.0
8339,2022-12-14T11:00,0.0
8340,2022-12-14T12:00,0.0
8341,2022-12-14T13:00,0.0
8342,2022-12-14T14:00,0.0
8343,2022-12-14T15:00,0.0
8344,2022-12-14T16:00,0.0
8345,2022-12-14T17:00,0.0
8346,2022-12-14T18:00,0.0
8347,2022-12-14T19:00,0.0
8348,2022-12-14T20:00,0.0
8349,2022-12-14T21:00,0.0
8350,2022-12-14T22:00,0.0
8351,2022-12-14T23:00,0.0
8352,2022-12-15T00:00,0.0
8353,2022-12-15T01:00,0.0
8354,2022-12-15T02:00,0.0
8355,2022-12-15T03:00,0.0
8356,2022-12-15T04:00,0.0
8357,2022-12-15T05:00,0.0
8358,2022-12-15T06:00,0.0
8359,2022-12-15T07:00,0.0
8360,2022-12-15T08:00,0.0
8361,2022-12-15T09:00,0.0
8362,2022-12-15T10:00,0.0
8363,2022-12-15T11:00,0.0
8364,2022-12-15T12:00,0.0
8365,2022-12-15T13:00,0.0
8366,2022-12-15T14:00,0.0
8367,2022-12-15T15:00,0.0
8368,2022-12-15T16:00,0.0
8369,2022-12-15T17:00,0.0
8370,2022-12-15T18:00,0.0
8371,2022-12-15T19:00,0.0
8372,2022-12-15T20:00,0.0
8373,2022-12-15T21:00,0.0
8374,2022-12-15T22:00,0.0
8375,2022-12-15T23:00,0.0
8376,2022-12-16T00:00,0.0
8377,2022-12-16T01:00,0.0
8378,2022-12-16T02:00,0.0
8379,2022-12-16T03:00,0.0
8380,2022-12-16T04:00,0.0
8381,2022-12-16T05:00,0.0
8382,2022-12-16T06:00,0.0
8383,2022-12-16T07:00,0.0
8384,2022-12-16T08:00,0.0
8385,2022-12-16T09:00,0.0
8386,2022-12-16T10:00,0.0
8387,2022-12-16T11:00,0.0
8388,2022-12-16T12:00,0.0
8389,2022-12-16T13:00,0.0
8390,2022-12-16T14:00,0.0
8391,2022-12-16T15:00,0.0
8392,2022-12-16T16:00,0.0
8393,2022-12-16T17:00,0.0
8394,2022-12-16T18:00,0.0
8395,2022-12-16T19:00,0.0
8396,2022-12-16T20:00,0.0
8397,2022-12-16T21:00,0.0
8398,2022-12-16T22:00,0.0
8399,2022-12-16T23:00,0.0
8400,2022-12-17T00:00,0.0
8401,2022-12-17T01:00,0.0
8402,2022-12-17T02:00,0.0
8403,2022-12-17T03:00,0.0
8404,2022-12-17T04:00,0.0
8405,2022-12-17T05:00,0.0
8406,2022-12-17T06:00,0.0
8407,2022-12-17T07:00,0.0
8408,2022-12-17T08:00,0.0
8409,2022-12-17T09:00,0.0
8410,2022-12-17T10:00,0.0
8411,2022-12-17T11:00,0.0
8412,2022-12-17T12:00,0.0
8413,2022-12-17T13:00,0.0
8414,2022-12-17T14:00,0.0
8415,2022-12-17T15:00,0.0
8416,2022-12-17T16:00,0.0
8417,2022-12-17T17:00,0.0
8418,2022-12-17T18:00,0.0
8419,2022-12-17T19:00,0.0
8420,2022-12-17T20:00,0.0
8421,2022-12-17T21:00,0.0
8422,2022-12-17T22:00,0.0
8423,2022-12-17T23:00,0.0
8424,2022-12-18T00:00,0.0
8425,2022-12-18T01:00,0.0
8426,2022-12-18T02:00,0.0
8427,2022-12-18T03:00,0.0
8428,2022-12-18T04:00,0.0
8429,2022-12-18T05:00,0.0
8430,2022-12-18T06:00,0.0
8431,2022-12-18T07:00,0.0
8432,2022-12-18T08:00,0.0
8433,2022-12-18T09:00,0.0
8434,2022-12-18T10:00,0.0
8435,2022-12-18T11:00,0.0
8436,2022-12-18T12:00,0.1
8437,2022-12-18T13:00,0.6
8438,2022-12-18T14:00,0.6
8439,2022-12-18T15:00,1.0
8440,2022-12-18T16:00,0.9
8441,2022-12-18T17:00,1.1
8442,2022-12-18T18:00,1.0
8443,2022-12-18T19:00,1.7
8444,2022-12-18T20:00,1.5
8445,2022-12-18T21:00,0.4
8446,2022-12-18T22:00,0.5
8447,2022-12-18T23:00,0.5
8448,2022-12-19T00:00,0.5
8449,2022-12-19T01:00,0.4
8450,2022-12-19T02:00,0.1
8451,2022-12-19T03:00,0.2
8452,2022-12-19T04:00,0.2
8453,2022-12-19T05:00,0.1
8454,2022-12-19T06:00,0.0
8455,2022-12-19T07:00,0.0
8456,2022-12-19T08:00,0.0
8457,2022-12-19T09:00,0.0
8458,2022-12-19T10:00,0.2
8459,2022-12-19T11:00,0.3
8460,2022-12-19T12:00,0.5
8461,2022-12-19T13:00,0.0
8462,2022-12-19T14:00,0.0
8463,2022-12-19T15:00,0.0
8464,2022-12-19T16:00,0.1
8465,2022-12-19T17:00,0.0
8466,2022-12-19T18:00,0.1
8467,2022-12-19T19:00,0.1
8468,2022-12-19T20:00,0.2
8469,2022-12-19T21:00,0.4
8470,2022-12-19T22:00,0.2
8471,2022-12-19T23:00,1.3
8472,2022-12-20T00:00,0.8
8473,2022-12-20T01:00,0.8
8474,2022-12-20T02:00,0.6
8475,2022-12-20T03:00,0.1
8476,2022-12-20T04:00,0.1
8477,2022-12-20T05:00,0.1
8478,2022-12-20T06:00,0.2
8479,2022-12-20T07:00,0.5
8480,2022-12-20T08:00,0.2
8481,2022-12-20T09:00,0.1
8482,2022-12-20T10:00,0.0
8483,2022-12-20T11:00,0.0
8484,2022-12-20T12:00,0.0
8485,2022-12-20T13:00,0.0
8486,2022-12-20T14:00,0.0
8487,2022-12-20T15:00,0.0
8488,2022-12-20T16:00,0.0
8489,2022-12-20T17:00,0.0
8490,2022-12-20T18:00,0.0
8491,2022-12-20T19:00,0.0
8492,2022-12-20T20:00,0.0
8493,2022-12-20T21:00,0.0
8494,2022-12-20T22:00,0.0
8495,2022-12-20T23:00,0.0
8496,2022-12-21T00:00,0.0
8497,2022-12-21T01:00,0.0
8498,2022-12-21T02:00,0.0
8499,2022-12-21T03:00,0.0
8500,2022-12-21T04:00,0.0
8501,2022-12-21T05:00,0.0
8502,2022-12-21T06:00,0.0
8503,2022-12-21T07:00,0.0
8504,2022-12-21T08:00,0.0
8505,2022-12-21T09:00,0.0
8506,2022-12-21T10:00,0.0
8507,2022-12-21T11:00,0.5
8508,2022-12-21T12:00,0.3
8509,2022-12-21T13:00,0.0
8510,2022-12-21T14:00,0.1
8511,2022-12-21T15:00,0.0
8512,2022-12-21T16:00,0.0
8513,2022-12-21T17:00,0.0
8514,2022-12-21T18:00,0.0
8515,2022-12-21T19:00,0.0
8516,2022-12-21T20:00,0.0
8517,2022-12-21T21:00,0.0
8518,2022-12-21T22:00,0.0
8519,2022-12-21T23:00,0.0
8520,2022-12-22T00:00,0.0
8521,2022-12-22T01:00,0.0
8522,2022-12-22T02:00,0.2
8523,2022-12-22T03:00,0.0
8524,2022-12-22T04:00,0.0
8525,2022-12-22T05:00,0.0
8526,2022-12-22T06:00,0.0
8527,2022-12-22T07:00,0.0
8528,2022-12-22T08:00,0.0
8529,2022-12-22T09:00,0.0
8530,2022-12-22T10:00,0.0
8531,2022-12-22T11:00,0.0
8532,2022-12-22T12:00,0.1
8533,2022-12-22T13:00,0.3
8534,2022-12-22T14:00,0.0
8535,2022-12-22T15:00,0.1
8536,2022-12-22T16:00,0.1
8537,2022-12-22T17:00,0.0
8538,2022-12-22T18:00,0.0
8539,2022-12-22T19:00,0.0
8540,2022-12-22T20:00,0.0
8541,2022-12-22T21:00,0.0
8542,2022-12-22T22:00,0.0
8543,2022-12-22T23:00,0.0
8544,2022-12-23T00:00,0.0
8545,2022-12-23T01:00,0.0
8546,2022-12-23T02:00,0.0
8547,2022-12-23T03:00,0.0
8548,2022-12-23T04:00,0.0
8549,2022-12-23T05:00,0.0
8550,2022-12-23T06:00,0.0
8551,2022-12-23T07:00,0.0
8552,2022-12-23T08:00,2.3
8553,2022-12-23T09:00,1.1
8554,2022-12-23T10:00,2.2
8555,2022-12-23T11:00,2.2
8556,2022-12-23T12:00,0.0
8557,2022-12-23T13:00,0.0
8558,2022-12-23T14:00,0.0
8559,2022-12-23T15:00,0.0
8560,2022-12-23T16:00,0.0
8561,2022-12-23T17:00,0.0
8562,2022-12-23T18:00,0.0
8563,2022-12-23T19:00,0.0
8564,2022-12-23T20:00,0.0
8565,2022-12-23T21:00,0.0
8566,2022-12-23T22:00,0.0
8567,2022-12-23T23:00,0.0
8568,2022-12-24T00:00,0.0
8569,2022-12-24T01:00,0.0
8570,2022-12-24T02:00,0.0
8571,2022-12-24T03:00,0.0
8572,2022-12-24T04:00,0.0
8573,2022-12-24T05:00,0.0
8574,2022-12-24T06:00,0.0
8575,2022-12-24T07:00,0.0
8576,2022-12-24T08:00,0.0
8577,2022-12-24T09:00,0.0
8578,2022-12-24T10:00,0.0
8579,2022-12-24T11:00,0.0
8580,2022-12-24T12:00,0.0
8581,2022-12-24T13:00,0.0
8582,2022-12-24T14:00,0.0
8583,2022-12-24T15:00,0.0
8584,2022-12-24T16:00,0.0
8585,2022-12-24T17:00,0.0
8586,2022-12-24T18:00,0.0
8587,2022-12-24T19:00,0.0
8588,2022-12-24T20:00,0.0
8589,2022-12-24T21:00,0.0
8590,2022-12-24T22:00,0.0
8591,2022-12-24T23:00,0.0
8592,2022-12-25T00:00,0.0
8593,2022-12-25T01:00,0.0
8594,2022-12-25T02:00,0.0
8595,2022-12-25T03:00,0.0
8596,2022-12-25T04:00,0.0
8597,2022-12-25T05:00,0.0
8598,2022-12-25T06:00,0.0
8599,2022-12-25T07:00,0.0
8600,2022-12-25T08:00,0.0
8601,2022-12-25T09:00,0.0
8602,2022-12-25T10:00,0.0
8603,2022-12-25T11:00,0.0
8604,2022-12-25T12:00,0.0
8605,2022-12-25T13:00,0.1
8606,2022-12-25T14:00,0.0
8607,2022-12-25T15:00,0.0
8608,2022-12-25T16:00,0.0
8609,2022-12-25T17:00,0.0
8610,2022-12-25T18:00,0.0
8611,2022-12-25T19:00,0.0
8612,2022-12-25T20:00,0.0
8613,2022-12-25T21:00,0.0
8614,2022-12-25T22:00,0.0
8615,2022-12-25T23:00,0.0
8616,2022-12-26T00:00,0.0
8617,2022-12-26T01:00,0.0
8618,2022-12-26T02:00,0.0
8619,2022-12-26T03:00,0.0
8620,2022-12-26T04:00,0.0
8621,2022-12-26T05:00,0.0
8622,2022-12-26T06:00,0.0
8623,2022-12-26T07:00,0.0
8624,2022-12-26T08:00,0.0
8625,2022-12-26T09:00,0.0
8626,2022-12-26T10:00,0.0
8627,2022-12-26T11:00,0.0
8628,2022-12-26T12:00,0.0
8629,2022-12-26T13:00,0.0
8630,2022-12-26T14:00,0.0
8631,2022-12-26T15:00,0.0
8632,2022-12-26T16:00,0.0
8633,2022-12-26T17:00,0.0
8634,2022-12-26T18:00,0.0
8635,2022-12-26T19:00,0.0
8636,2022-12-26T20:00,0.0
8637,2022-12-26T21:00,0.0
8638,2022-12-26T22:00,0.0
8639,2022-12-26T23:00,0.0
8640,2022-12-27T00:00,0.0
8641,2022-12-27T01:00,0.0
8642,2022-12-27T02:00,0.0
8643,2022-12-27T03:00,0.0
8644,2022-12-27T04:00,0.0
8645,2022-12-27T05:00,0.0
8646,2022-12-27T06:00,0.0
8647,2022-12-27T07:00,0.0
8648,2022-12-27T08:00,0.0
8649,2022-12-27T09:00,0.0
8650,2022-12-27T10:00,0.0
8651,2022-12-27T11:00,0.0
8652,2022-12-27T12:00,0.0
8653,2022-12-27T13:00,0.0
8654,2022-12-27T14:00,0.0
8655,2022-12-27T15:00,0.0
8656,2022-12-27T16:00,0.0
8657,2022-12-27T17:00,0.3
8658,2022-12-27T18:00,0.7
8659,2022-12-27T19:00,0.6
8660,2022-12-27T20:00,0.9
8661,2022-12-27T21:00,0.2
8662,2022-12-27T22:00,0.2
8663,2022-12-27T23:00,0.9
8664,2022-12-28T00:00,0.0
8665,2022-12-28T01:00,0.0
8666,2022-12-28T02:00,0.1
8667,2022-12-28T03:00,0.0
8668,2022-12-28T04:00,0.1
8669,2022-12-28T05:00,0.1
8670,2022-12-28T06:00,0.1
8671,2022-12-28T07:00,0.1
8672,2022-12-28T08:00,0.1
8673,2022-12-28T09:00,0.3
8674,2022-12-28T10:00,0.2
8675,2022-12-28T11:00,0.4
8676,2022-12-28T12:00,0.9
8677,2022-12-28T13:00,1.0
8678,2022-12-28T14:00,0.2
8679,2022-12-28T15:00,0.1
8680,2022-12-28T16:00,0.1
8681,2022-12-28T17:00,0.0
8682,2022-12-28T18:00,0.0
8683,2022-12-28T19:00,0.0
8684,2022-12-28T20:00,0.0
8685,2022-12-28T21:00,0.0
8686,2022-12-28T22:00,0.0
8687,2022-12-28T23:00,0.2
8688,2022-12-29T00:00,0.0
8689,2022-12-29T01:00,0.0
8690,2022-12-29T02:00,0.0
8691,2022-12-29T03:00,0.0
8692,2022-12-29T04:00,0.0
8693,2022-12-29T05:00,0.0
8694,2022-12-29T06:00,0.0
8695,2022-12-29T07:00,0.0
8696,2022-12-29T08:00,0.0
8697,2022-12-29T09:00,0.0
8698,2022-12-29T10:00,0.0
8699,2022-12-29T11:00,0.0
8700,2022-12-29T12:00,0.0
8701,2022-12-29T13:00,0.0
8702,2022-12-29T14:00,0.3
8703,2022-12-29T15:00,0.0
8704,2022-12-29T16:00,0.0
8705,2022-12-29T17:00,0.0
8706,2022-12-29T18:00,0.0
8707,2022-12-29T19:00,0.0
8708,2022-12-29T20:00,0.0
8709,2022-12-29T21:00,0.0
8710,2022-12-29T22:00,0.0
8711,2022-12-29T23:00,0.0
8712,2022-12-30T00:00,0.0
8713,2022-12-30T01:00,0.0
8714,2022-12-30T02:00,0.0
8715,2022-12-30T03:00,0.0
8716,2022-12-30T04:00,0.0
8717,2022-12-30T05:00,0.0
8718,2022-12-30T06:00,0.0
8719,2022-12-30T07:00,0.0
8720,2022-12-30T08:00,0.0
8721,2022-12-30T09:00,0.1
8722,2022-12-30T10:00,2.2
8723,2022-12-30T11:00,2.9
8724,2022-12-30T12:00,0.6
8725,2022-12-30T13:00,0.1
8726,2022-12-30T14:00,0.0
8727,2022-12-30T15:00,0.0
8728,2022-12-30T16:00,0.0
8729,2022-12-30T17:00,0.0
8730,2022-12-30T18:00,0.0
8731,2022-12-30T19:00,0.0
8732,2022-12-30T20:00,0.0
8733,2022-12-30T21:00,0.0
8734,2022-12-30T22:00,0.0
8735,2022-12-30T23:00,0.0
8736,2022-12-31T00:00,0.7
8737,2022-12-31T01:00,0.3
8738,2022-12-31T02:00,0.3
8739,2022-12-31T03:00,0.2
8740,2022-12-31T04:00,0.1
8741,2022-12-31T05:00,1.0
8742,2022-12-31T06:00,0.6
8743,2022-12-31T07:00,0.1
8744,2022-12-31T08:00,0.2
8745,2022-12-31T09:00,0.2
8746,2022-12-31T10:00,0.3
8747,2022-12-31T11:00,0.1
8748,2022-12-31T12:00,0.8
8749,2022-12-31T13:00,1.6
8750,2022-12-31T14:00,1.3
8751,2022-12-31T15:00,1.4
8752,2022-12-31T16:00,0.5
8753,2022-12-31T17:00,0.2
8754,2022-12-31T18:00,0.2
8755,2022-12-31T19:00,0.2
8756,2022-12-31T20:00,0.0
8757,2022-12-31T21:00,0.0
8758,2022-12-31T22:00,0.0
8759,2022-12-31T23:00,0.3
